Geographic Area Name,inc_hhlds,inc_hhlds_less_than_10_000,inc_hhlds_10_000_to_14_999,inc_hhlds_15_000_to_24_999,inc_hhlds_25_000_to_34_999,inc_hhlds_35_000_to_49_999,inc_hhlds_50_000_to_74_999,inc_hhlds_75_000_to_99_999,inc_hhlds_100_000_to_149_999,inc_hhlds_150_000_to_199_999,inc_hhlds_200_000_or_more,inc_med_hhld_inc_dol,inc_mean_hhld_inc_dol,inc_per_capita_inc_dol,inc_med_earn_workers_dol,inc_med_earn_male_full_yr_workers_dol,inc_med_earn_female_full_yr_workers_dol
"Austin County, Texas",11041,482,459,1255,927,1186,1851,1651,2150,551,529,65365,80769,30858,33993,55417,38603
"Kenedy County, Texas",209,25,4,49,13,71,16,23,8,0,0,36125,40908,15820,29453,40848,23295
"Nueces County, Texas",128926,8919,6943,13180,12922,16876,23391,16265,18198,6452,5780,55048,74820,27649,30869,48043,34488
"Colorado County, Texas",7511,386,381,894,891,1244,1345,935,678,428,329,49504,70324,27861,30469,41853,34692
"San Patricio County, Texas",23121,1699,1068,2395,2145,3055,4469,2928,3112,1483,767,55229,71588,25281,31318,50594,31847
"Rains County, Texas",4331,342,138,533,500,660,686,795,343,181,153,49872,65103,26165,33163,46382,40277
"Randall County, Texas",49187,1954,1325,3516,4822,6151,9488,7413,8695,3345,2478,67397,86352,33814,36230,54305,40771
"Real County, Texas",1227,169,83,216,147,216,174,108,64,33,17,34813,48791,21109,20392,27143,27813
"San Saba County, Texas",2104,152,151,307,237,301,425,211,164,121,35,44698,63072,24307,25782,41027,29239
"Schleicher County, Texas",1105,115,40,97,142,132,229,162,123,53,12,55677,61014,25128,30734,53676,25379
"Sterling County, Texas",462,8,15,30,49,97,144,32,59,20,8,59286,66108,28997,41786,67711,33462
"Zavala County, Texas",3509,445,482,599,434,592,500,313,129,9,6,30988,39610,13350,19020,31708,22638
"Calhoun County, Texas",7604,561,280,677,812,1111,1472,883,1204,453,151,55469,70543,26596,31759,47057,29847
"Carson County, Texas",2247,84,64,234,189,223,432,323,419,116,163,70087,84978,32917,41216,55800,40615
"Foard County, Texas",557,9,41,76,78,86,129,65,37,18,18,46354,60131,25636,23833,38977,20962
"Freestone County, Texas",6865,371,492,959,830,848,1057,756,1035,324,193,48731,67181,24083,31263,50804,31098
"Goliad County, Texas",2681,246,173,294,244,203,408,315,478,197,123,60492,76236,29918,35709,61554,39438
"Hamilton County, Texas",3108,191,267,385,379,355,548,357,394,116,116,47500,70251,28074,28403,41516,29388
"Hardeman County, Texas",1519,70,140,301,128,187,312,179,144,12,46,42238,56979,22938,22042,41901,29426
"Mitchell County, Texas",2441,48,87,441,175,479,337,343,394,22,115,49670,71553,20896,36892,42345,34250
"Briscoe County, Texas",632,47,18,118,79,90,115,69,53,28,15,42647,58155,24286,29741,37852,35139
"Lavaca County, Texas",7756,345,627,775,714,1169,1386,814,1133,377,416,53021,77669,31670,32738,47562,34030
"Terry County, Texas",4041,287,149,510,521,713,703,480,388,206,84,44975,62229,20127,25380,42368,31171
"Jeff Davis County, Texas",1050,60,56,137,111,151,241,181,87,23,3,53194,56213,26053,26656,43295,35606
"Jim Hogg County, Texas",1710,173,197,336,206,190,205,180,146,30,47,32049,51120,17798,22464,48097,22266
"Montgomery County, Texas",192823,7698,5203,13614,14507,20528,31726,25034,32753,16584,25176,77416,110807,39618,40848,64402,46428
"Dallam County, Texas",2404,74,78,283,301,459,500,251,262,118,78,51250,78602,26844,29462,45890,31543
"Webb County, Texas",73659,8833,5334,9056,8416,10141,11754,7378,8056,2498,2193,42293,59917,17326,24028,36910,28115
"Armstrong County, Texas",708,16,37,38,60,67,195,94,128,52,21,66563,79808,31075,37292,55250,40625
"Castro County, Texas",2532,148,133,247,356,499,478,306,197,116,52,45000,59313,20915,30607,37044,35971
"Kleberg County, Texas",10946,1647,669,1436,928,1720,1454,1165,1241,399,287,42021,58413,21986,24008,49596,30959
"Willacy County, Texas",5810,972,677,892,608,763,816,510,379,127,66,29944,45647,14207,19472,33306,25991
"Crosby County, Texas",2044,218,151,288,292,363,324,210,128,30,40,37899,50926,19155,23740,35793,26250
"Fisher County, Texas",1649,132,136,144,229,256,292,154,242,33,31,46827,64120,28355,30858,45313,33750
"Duval County, Texas",3511,428,299,564,374,498,626,327,225,84,86,37382,50374,17864,22225,43637,24217
"Blanco County, Texas",4297,167,151,401,353,657,851,465,699,268,285,63071,85285,34925,29346,47961,34068
"Jasper County, Texas",12583,776,882,1818,1495,1692,2065,1584,1547,335,389,46088,64734,25004,31429,57370,30417
"Kinney County, Texas",1170,84,82,305,173,123,114,121,144,15,9,31468,49372,20323,30444,41530,35125
"Deaf Smith County, Texas",6139,332,415,471,686,1072,1125,900,871,141,126,51841,63376,21515,30389,45189,30660
"Galveston County, Texas",119181,7129,4770,10383,9872,12982,18276,13461,20241,10546,11521,69369,95026,35448,37876,64771,47458
"La Salle County, Texas",2216,152,249,227,89,315,677,157,82,147,121,51792,79335,25129,23943,38947,28830
"Roberts County, Texas",311,9,3,26,25,38,60,40,54,44,12,73854,88939,31632,31406,73750,31250
"Tyler County, Texas",7020,510,553,889,853,975,1267,880,806,204,83,43936,57233,20439,31179,52351,32454
"Wheeler County, Texas",2254,143,168,239,231,360,349,339,256,118,51,49352,65686,26844,30885,47174,32273
"Bowie County, Texas",33731,3254,2119,3718,3703,4815,5944,3927,3732,1289,1230,47505,67304,25355,30728,46748,31783
"Brewster County, Texas",3942,411,196,427,406,900,452,436,436,180,98,43894,60719,27227,26960,43527,35940
"Kent County, Texas",318,12,43,32,41,48,47,18,42,3,32,45926,68737,29503,36875,49773,40000
"Smith County, Texas",77195,5369,3712,8292,7560,11243,14111,9405,10296,3522,3685,53511,73922,27141,30147,46121,35502
"Crockett County, Texas",1388,108,89,194,85,153,336,84,266,67,6,51152,63225,24852,33403,43162,27227
"Hardin County, Texas",20385,1552,1262,1800,1886,2182,3641,2387,3484,1233,958,59105,77772,29108,38827,58674,35973
"Howard County, Texas",11036,882,574,960,1420,1509,1966,1470,1541,324,390,51528,71173,23784,26963,48796,29020
"Leon County, Texas",6249,349,367,789,908,828,892,699,743,293,381,44818,80589,32130,30530,53154,30528
"Montague County, Texas",7995,577,388,868,830,1040,1642,991,1004,381,274,51774,68340,28457,31811,54199,30751
"Panola County, Texas",8827,732,452,1045,894,1042,1858,1071,1050,352,331,51569,67548,26403,30198,51276,30203
"Erath County, Texas",13961,1656,639,1395,1559,1947,2491,1410,1716,744,404,48819,67961,25290,23053,42103,32345
"Brazoria County, Texas",118762,5192,4020,7424,8635,11253,20118,17046,23348,11298,10428,79270,97877,33547,43466,63626,47711
"Motley County, Texas",465,40,16,66,75,60,90,53,39,6,20,43750,62145,26103,24483,33750,40139
"Donley County, Texas",1290,98,77,151,166,233,214,154,130,44,23,43224,57942,23711,25236,46944,29677
"Atascosa County, Texas",15387,1014,484,1771,1676,1941,3068,1887,2088,836,622,55265,73390,24421,27043,46273,29942
"Coleman County, Texas",3460,312,145,501,366,697,642,313,238,70,176,43981,64448,27842,31159,41204,29188
"Nolan County, Texas",5469,401,302,845,648,772,894,699,589,161,158,44346,66804,25820,26882,46875,30213
"Hudspeth County, Texas",900,143,101,123,133,191,99,33,43,17,17,29318,45074,14190,18147,26940,21827
"Medina County, Texas",15470,1104,827,1194,1511,1600,3101,1769,2669,981,714,61059,78044,26274,30122,46881,36149
"Ward County, Texas",3956,314,207,378,268,407,715,722,563,199,183,64630,75278,26570,39173,60592,36077
"Henderson County, Texas",30885,2229,1973,3825,3907,4579,5413,3813,3081,1190,875,45798,64314,25280,27732,43754,32546
"Harrison County, Texas",23217,1795,1204,2325,2785,3186,3908,3554,2833,958,669,51202,68884,25418,30864,50660,33857
"Menard County, Texas",992,81,86,216,72,156,127,147,63,38,6,40606,51494,25067,24932,34269,25909
"Lamar County, Texas",19313,2147,1202,2209,2341,2828,3374,2168,1949,676,419,43562,59148,23833,28920,47543,31120
"Fayette County, Texas",9067,539,660,885,830,1244,1700,1176,1134,344,555,56297,76017,30097,31230,45089,30297
"Williamson County, Texas",174754,4443,3458,8449,11907,18565,31234,26315,37620,17413,15350,83679,101648,35825,41219,61035,45919
"Polk County, Texas",17803,1422,1193,2036,2218,2556,3304,1808,1875,691,700,46182,63446,24686,27868,45098,31397
"Refugio County, Texas",2577,189,245,254,299,337,596,250,291,72,44,48112,59434,23810,26053,41603,33363
"Caldwell County, Texas",13225,1002,611,1210,1415,2010,2634,1766,1631,529,417,52278,69537,23881,28604,39793,33974
"Wilbarger County, Texas",5263,268,444,693,577,702,1057,761,474,184,103,48773,59930,24078,27337,40755,28676
"Reagan County, Texas",1147,72,21,98,88,126,215,179,281,33,34,70478,75412,25397,40210,55625,36204
"Hale County, Texas",11146,969,584,1250,1286,1958,2302,1431,965,239,162,47080,56831,19854,28851,41728,32002
"Shelby County, Texas",9292,1056,577,1305,1133,1455,1791,628,957,147,243,40764,54312,20969,27438,40960,31363
"Runnels County, Texas",3749,303,173,550,523,636,602,320,422,143,77,41732,58250,23042,30129,40562,30662
"San Jacinto County, Texas",9487,539,632,1316,1315,1421,1758,1074,937,301,194,44658,59016,21808,26261,42038,31342
"Tom Green County, Texas",43131,2546,1861,4934,5212,6510,7870,5313,5195,1869,1821,51675,72478,28444,29332,42988,31676
"Victoria County, Texas",32544,2136,1419,3373,3186,4571,5468,4116,5058,1720,1497,55631,76886,28576,30793,51404,32818
"Waller County, Texas",14807,802,647,1616,1514,2026,2438,1767,2287,818,892,57654,78075,24495,27024,44726,32173
"Wichita County, Texas",47951,4588,3033,5502,5178,7199,8601,5750,5364,1583,1153,46575,62083,23921,25985,41341,31862
"Wilson County, Texas",15820,685,547,1185,1396,1627,2649,2506,3089,1061,1075,72445,89915,30935,36950,57074,43634
"Hockley County, Texas",7946,408,431,1003,933,1357,1411,949,913,268,273,48116,65147,23440,28465,47456,33347
"Maverick County, Texas",16307,1715,1607,2630,1748,2015,2589,1955,1250,551,247,38035,54137,16891,21905,42442,23796
"Midland County, Texas",55980,1822,1713,3641,4305,5805,9363,7701,10428,4836,6366,78888,109874,39179,42172,64365,42259
"Live Oak County, Texas",3675,151,305,381,424,383,885,316,548,155,127,55766,67552,24244,29286,49242,39518
"Llano County, Texas",8491,483,461,844,1059,1192,1478,995,1056,427,496,52178,82567,35822,23514,42361,36338
"Fannin County, Texas",12231,1005,577,1289,1342,1796,2239,1604,1525,466,388,50761,65077,24581,30940,50000,36165
"Karnes County, Texas",4246,389,257,423,501,462,720,484,460,221,329,52252,83800,26875,33956,44872,34310
"Brazos County, Texas",79053,9557,4364,8937,8310,10293,11863,8810,9410,3522,3987,46839,70257,26539,23430,45944,36787
"Cass County, Texas",11789,1060,695,1466,1522,1829,2075,1316,1298,295,233,45345,56515,22545,31162,41784,29961
"Gaines County, Texas",5737,444,175,538,668,686,999,857,815,318,237,59032,74857,22710,32571,49333,27473
"Gray County, Texas",8000,538,341,1279,1029,919,1399,904,1025,284,282,47170,66873,24911,30902,48117,31497
"Madison County, Texas",4201,276,265,530,579,472,808,315,676,170,110,49428,65516,17856,26016,46455,26530
"Jack County, Texas",3160,212,143,423,384,350,644,320,443,104,137,51700,68400,25626,32456,56388,34067
"Kendall County, Texas",14159,527,307,639,1205,1303,2435,1876,2587,1281,1999,82390,120877,43241,37021,64886,45371
"Bosque County, Texas",7088,326,336,858,802,1144,1428,883,879,223,209,50882,65377,26039,27515,42188,35702
"Bexar County, Texas",632574,45419,29186,62202,63892,84130,118346,79146,87038,31270,31945,55456,76006,26988,30196,43005,37258
"Bailey County, Texas",2111,119,109,174,393,381,322,251,201,110,51,46485,62434,21449,28543,40411,28184
"Baylor County, Texas",1474,78,144,156,249,221,177,202,161,25,61,40750,60098,25264,28344,41719,34821
"Cameron County, Texas",123185,15581,10253,18048,15287,16034,19950,11427,10744,3505,2356,37132,53211,16587,22122,32335,27248
"Denton County, Texas",283250,10133,5902,15106,18475,30850,46764,37790,56131,29352,32747,83376,108579,39535,41981,64216,49842
"Washington County, Texas",12381,789,647,1343,1323,1479,2512,1612,1474,494,708,56237,76880,29604,30473,45341,32154
"Morris County, Texas",5048,384,340,627,654,960,854,537,493,133,66,42961,56797,23438,27764,40670,30141
"Stephens County, Texas",3268,295,258,282,400,669,509,297,331,107,120,45336,62311,24405,28803,49848,32279
"Harris County, Texas",1583486,96861,64276,148086,154564,201347,277335,185201,224530,98609,132677,60146,89270,31901,33173,49579,41028
"Andrews County, Texas",5508,302,171,291,525,686,841,728,1214,398,352,74233,94962,31190,40478,72970,35194
"Gillespie County, Texas",10717,520,492,1171,1191,1299,2140,1105,1615,505,679,58325,80569,33515,25433,47274,36044
"Gonzales County, Texas",7214,392,438,796,865,913,1534,833,794,345,304,53006,73239,26618,30835,40978,31465
"Lynn County, Texas",2133,184,184,283,202,339,290,171,300,66,114,43524,66719,25279,28134,40344,31563
"Young County, Texas",7105,414,324,757,876,1325,1272,768,1066,172,131,47194,64653,25855,30734,49142,27542
"Zapata County, Texas",4405,714,275,700,720,690,504,427,215,78,82,31113,52009,17228,18938,36461,24946
"Hood County, Texas",21969,1247,851,2192,2024,3175,3842,2473,3528,1469,1168,59049,80447,32727,35806,52808,37651
"Hopkins County, Texas",13405,881,654,1529,1665,1695,2775,1562,1577,567,500,51877,69253,26267,29824,47254,31592
"Ochiltree County, Texas",3443,144,146,426,471,538,629,409,428,111,141,49928,70352,24260,27691,51412,24735
"King County, Texas",91,0,3,0,13,24,15,13,18,0,5,65125,75557,31564,36964,42250,32250
"Knox County, Texas",1330,115,55,181,191,167,214,205,153,31,18,46146,57553,21796,29537,43333,37692
"McLennan County, Texas",89034,8072,4770,10774,10095,12112,15229,9979,11162,3631,3210,48199,66650,24826,26472,42600,33357
"Cherokee County, Texas",17940,1188,1153,2366,2010,2934,3537,1808,1722,829,393,46044,60376,21520,27466,40581,33459
"Concho County, Texas",873,66,67,128,116,93,175,63,126,13,26,43355,61808,17684,23994,33772,20735
"Delta County, Texas",2015,158,134,170,309,289,298,281,229,85,62,46138,63240,25004,27575,52143,36349
"Edwards County, Texas",686,68,50,93,107,52,140,71,44,24,37,40313,62107,29814,21774,35163,33487
"Eastland County, Texas",6460,695,457,1246,793,1023,945,373,498,220,210,35325,60741,23940,22690,48326,30581
"Jones County, Texas",5593,383,389,538,722,933,960,665,624,235,144,45694,64904,17673,26166,47568,33987
"Reeves County, Texas",3713,368,166,329,343,450,773,615,436,146,87,58384,67979,20876,29278,49160,35789
"Sabine County, Texas",4099,421,284,811,652,416,627,366,271,140,111,33257,54131,23450,21209,54908,28319
"Sherman County, Texas",1055,42,43,102,130,144,218,146,148,46,36,56576,71238,26335,30670,44653,32679
"Swisher County, Texas",2514,295,112,401,353,400,406,270,180,47,50,38418,53684,19258,29923,41679,31250
"Hunt County, Texas",32369,2272,1942,4113,3363,3856,5465,4443,4233,1698,984,51928,67512,25077,30364,50090,36033
"Camp County, Texas",4692,449,259,514,692,686,862,632,404,158,36,42604,56091,20898,28550,41320,30332
"Hansford County, Texas",1855,139,72,227,411,267,296,191,146,85,21,39229,54819,20127,28285,40861,24109
"Guadalupe County, Texas",53107,2364,1685,3486,3691,6611,10521,7945,9857,4019,2928,70931,86049,30817,36663,52101,39372
"Clay County, Texas",4045,208,219,472,479,594,729,510,520,166,148,51191,68492,27678,30421,54855,32134
"Hill County, Texas",12769,858,679,1563,1499,1899,2481,1394,1600,357,439,48823,65716,24745,26824,42115,32047
"Nacogdoches County, Texas",23904,2409,1567,3625,2373,3382,4250,2459,2481,485,873,43598,60789,22580,22169,43277,31661
"Parmer County, Texas",3318,169,122,308,449,419,783,373,502,132,61,54184,67600,23686,30163,38567,28653
"Presidio County, Texas",2627,389,364,408,390,390,269,87,330,0,0,27061,39099,16066,20353,32396,39318
"Val Verde County, Texas",15429,1640,843,1583,1968,2256,2531,1684,2136,397,391,45521,62212,20881,25695,42405,29106
"Ector County, Texas",51954,2561,1891,4818,5325,6690,9794,6982,8186,3062,2645,60676,82506,28700,35230,54956,35600
"Glasscock County, Texas",432,22,0,71,25,49,39,77,80,49,20,75833,94304,30902,30061,42404,24722
"Grimes County, Texas",8793,634,528,1094,1006,1112,1508,957,1186,367,401,50298,72230,23513,28611,42188,31545
"Collin County, Texas",331336,10888,5742,14782,18352,30711,51452,42804,69454,39903,47248,94192,120691,43439,50063,76606,53878
"Angelina County, Texas",30783,2572,1674,4093,3682,4071,5797,4013,3257,985,639,47714,61152,22322,27411,41488,32622
"Cottle County, Texas",686,77,57,109,105,125,119,46,14,20,14,34375,47243,20108,21934,40526,26250
"Hays County, Texas",70881,4681,2631,5532,5779,8232,12847,10545,11159,4633,4842,65935,85397,30715,30674,51222,40392
"Lipscomb County, Texas",1256,57,101,80,159,127,236,206,181,68,41,57372,73911,28491,31290,54271,28693
"Matagorda County, Texas",13636,1610,906,1448,1484,1919,2351,1588,1410,427,493,45500,62232,24376,27739,50541,31655
"Pecos County, Texas",4557,348,235,319,601,718,740,746,639,118,93,52282,66605,20688,31217,41998,29243
"Rockwall County, Texas",31649,759,691,1404,1716,3062,4701,4266,7317,3824,3909,94767,114436,39295,48192,70422,50851
"Rusk County, Texas",17960,1194,916,1973,1807,2749,3298,2270,2262,869,622,52329,68838,24842,28644,52884,34028
"Throckmorton County, Texas",703,90,52,73,75,76,139,54,109,21,14,44196,62624,28895,30755,53000,29808
"Walker County, Texas",21636,3264,1356,2303,2237,3259,3233,2562,2257,763,402,41855,56197,17789,26533,40050,36918
"Wood County, Texas",16531,1255,1085,1724,1980,2422,2893,2058,1996,663,455,48534,68298,27841,28985,49656,34209
"Aransas County, Texas",9432,836,526,1162,1141,1409,1443,896,1047,476,496,44865,75471,30939,21567,43182,32005
"Childress County, Texas",2235,236,80,259,361,334,428,167,216,117,37,40794,58832,20234,26674,47958,30625
"Coke County, Texas",1617,127,94,228,192,297,276,206,163,22,12,45551,53056,24768,30924,47044,30402
"Coryell County, Texas",22314,1193,988,2314,2666,3647,4875,2966,2761,527,377,51440,64278,21507,27227,35608,32747
"Hemphill County, Texas",1323,32,123,76,171,193,189,149,267,64,59,63778,79573,26781,27239,51622,37381
"Moore County, Texas",6626,291,285,565,823,1167,1472,878,782,202,161,51527,63840,21650,30785,39335,31136
"Navarro County, Texas",17397,1541,810,2058,1960,2654,3276,1943,1943,652,560,47920,64220,23422,27381,40466,33223
"San Augustine County, Texas",3356,500,190,589,377,446,523,372,218,89,52,35509,55145,23261,27917,44167,35992
"Shackelford County, Texas",1234,119,71,156,133,210,210,147,108,52,28,45187,59257,23855,22409,39286,31364
"Starr County, Texas",16238,2338,1760,3113,2013,2219,2067,1079,959,447,243,29294,47374,14122,17915,31870,26634
"Upton County, Texas",1305,124,47,149,140,160,248,144,171,65,57,52257,66849,26183,33393,51375,33611
"Bastrop County, Texas",25345,1363,986,2046,2380,3185,4692,3442,4312,1942,997,62941,78710,26540,32184,46446,37013
"Hall County, Texas",1301,122,141,249,215,139,177,103,108,17,30,32921,54817,22846,20659,40734,30060
"Franklin County, Texas",3806,171,188,483,503,462,658,578,491,94,178,52944,67848,25602,29826,41613,35053
"Frio County, Texas",4624,397,438,570,488,734,737,468,549,149,94,42476,63369,18288,20819,35740,28381
"Lampasas County, Texas",7738,631,229,605,610,1328,1449,974,1088,516,308,58194,73074,28158,30331,52763,35051
"Mason County, Texas",1667,166,133,158,232,310,218,201,120,80,49,40708,60697,25602,22571,38106,28289
"Dickens County, Texas",842,101,98,99,63,139,141,88,73,20,20,41618,57230,23452,26317,46406,37422
"Tarrant County, Texas",698995,34453,25193,54383,63335,86518,131906,93354,110961,47914,50978,64874,89207,32092,35417,51827,42119
"Anderson County, Texas",16459,969,1221,2263,2150,2671,3246,1845,1432,422,240,43355,55852,16868,26621,36865,26890
"Jackson County, Texas",5237,408,173,504,353,667,1133,961,586,277,175,60276,71786,26329,33144,54392,31335
"Milam County, Texas",9381,476,791,1228,1133,1290,1828,1101,1015,324,195,47081,61094,24015,28440,47693,32055
"Comanche County, Texas",5260,397,334,608,532,893,999,638,681,91,87,47893,60948,25127,30762,41545,30548
"Brooks County, Texas",2052,392,104,393,318,205,305,136,181,9,9,27378,41408,13800,12964,29219,22227
"Titus County, Texas",10694,514,704,1600,1154,1724,2163,1138,1142,300,255,46698,59775,20633,26798,38409,29067
"Liberty County, Texas",26203,1660,1546,3015,3099,3818,5087,3194,2970,934,880,49850,66052,22757,33609,50966,35476
"Wise County, Texas",22080,1049,790,1893,2073,2959,4418,3037,3801,1012,1048,61709,79497,28781,33139,52564,40089
"Jim Wells County, Texas",13043,1576,841,1850,1500,1323,2123,1573,1370,520,367,42005,62151,21274,26676,47272,26447
"Dimmit County, Texas",3309,474,330,774,397,277,308,309,263,102,75,27832,50693,18121,20829,41473,21983
"Fort Bend County, Texas",230381,7147,4047,11051,12527,19631,35823,29557,47159,26873,36566,95561,123548,39472,46297,71336,53339
"Irion County, Texas",634,47,52,38,93,59,104,77,93,37,34,54706,75706,31449,40776,60100,33917
"Cooke County, Texas",15368,692,532,1453,1811,2470,2639,2061,2425,688,597,57646,73257,28751,32021,47181,35469
"Dawson County, Texas",4322,394,322,815,373,609,603,441,519,106,140,44657,62692,21543,26579,44051,26088
"Burleson County, Texas",6754,438,347,618,557,965,1400,990,925,308,206,56235,72427,28732,35256,49075,38347
"Jefferson County, Texas",94002,9049,5294,11196,10228,12312,15946,10165,11636,4656,3520,48463,68549,26205,31505,49828,37419
"Oldham County, Texas",527,33,10,62,33,57,128,75,43,45,41,63315,87324,24151,30709,45972,31750
"El Paso County, Texas",265724,23295,17387,33399,31324,40687,48631,27591,27684,9163,6563,44597,60632,20763,25578,38598,31418
"Terrell County, Texas",396,83,2,79,34,69,29,39,53,5,3,33750,48627,23852,35329,73304,30262
"Uvalde County, Texas",8683,621,852,1268,1033,1349,1452,1004,741,242,121,41752,53379,19092,22076,37407,25009
"Archer County, Texas",3332,125,199,289,393,345,550,462,626,198,145,64476,80073,31806,32469,49105,37377
"Hidalgo County, Texas",234879,27667,19576,34297,27818,30516,37980,22272,21941,7541,5271,38398,56090,16490,21866,35026,28811
"Somervell County, Texas",3239,169,201,473,224,492,491,384,509,188,108,53162,68502,26523,30574,63241,30517
"Haskell County, Texas",2125,204,152,316,265,224,492,201,197,43,31,46013,53831,21308,26002,37900,30476
"Mills County, Texas",1750,178,95,280,183,240,359,177,106,61,71,41827,60535,24274,23375,36765,36603
"Newton County, Texas",4978,467,315,888,535,707,800,485,569,151,61,40950,54380,21144,30362,51548,31327
"Kimble County, Texas",1948,147,114,208,296,384,311,196,154,37,101,42500,64992,28899,23284,34747,23662
"Van Zandt County, Texas",19615,1113,990,2441,2043,2798,3966,2371,2470,778,645,51935,69340,26151,30777,45337,35293
"Martin County, Texas",1626,72,50,142,141,229,233,214,217,146,182,69722,94582,29225,32131,53162,36635
"Yoakum County, Texas",2676,66,197,162,203,248,650,298,557,153,142,68814,82418,26519,43250,68603,36103
"Red River County, Texas",5048,522,424,660,725,692,944,525,444,65,47,37955,50123,21666,26969,40186,29032
"Sutton County, Texas",1484,109,28,147,130,244,286,156,252,113,19,60543,71175,29360,33276,54185,33618
"Upshur County, Texas",14036,943,773,1437,1477,2309,2505,1891,1826,415,460,50906,66328,24458,29996,46059,30788
"Wharton County, Texas",15256,1125,1103,1757,1371,2316,2769,1405,2053,1012,345,49619,70765,26281,29122,43442,31191
"Borden County, Texas",261,7,10,10,16,25,49,45,80,10,9,81985,85046,33781,48405,54375,41094
"Marion County, Texas",4459,468,398,689,543,781,552,398,279,128,223,37283,60527,27052,28721,43750,30370
"Grayson County, Texas",47957,3175,2372,4788,4858,6977,8469,7223,5982,2614,1499,54370,70460,27276,30519,45691,35604
"Palo Pinto County, Texas",10312,724,643,1471,1027,1614,1834,1092,1168,346,393,45979,64671,24983,27099,43976,29479
"DeWitt County, Texas",7088,459,575,668,773,885,1199,891,885,244,509,53779,81174,28728,31431,46202,30306
"Callahan County, Texas",5319,654,259,648,577,726,1029,609,458,251,108,44602,59335,24537,30114,41783,30405
"Gregg County, Texas",45532,3422,2400,5200,5394,6809,8496,4784,5610,1918,1499,49287,67886,25839,27262,46156,35192
"Lubbock County, Texas",112185,10219,5492,12064,12034,15870,19608,13614,13681,4690,4913,50473,71043,27089,26321,45699,35418
"Kaufman County, Texas",37364,1850,1531,2857,3098,4815,6821,4540,7606,2822,1424,65390,81752,27411,35454,52527,41538
"Floyd County, Texas",2328,190,156,304,208,343,520,308,214,44,41,48555,57642,23308,28919,41493,29474
"Chambers County, Texas",13529,728,679,985,1064,1562,1600,1538,2461,1585,1327,76850,98290,34372,40931,75949,40444
"Bell County, Texas",120241,7726,4839,11280,12748,18108,25214,16573,15605,4389,3759,54184,69605,25911,30068,42257,35690
"Hutchinson County, Texas",7191,536,522,728,663,1109,1181,929,943,430,150,50651,65818,24725,28051,52628,30403
"Orange County, Texas",31989,1946,1743,2799,3487,4612,5485,3820,4871,2053,1173,55700,74104,28826,35328,59191,37068
"Winkler County, Texas",2572,212,156,180,286,356,409,398,385,98,92,59167,70223,24217,36946,60245,30938
"Burnet County, Texas",16849,581,692,1847,1679,2231,3469,2362,2399,658,931,59238,79066,30507,27171,46182,36201
"Dallas County, Texas",917276,56186,38084,86536,94733,128009,171046,108993,119771,50048,63870,56854,85064,31219,32067,42810,40218
"McMullen County, Texas",223,16,14,6,10,42,45,26,23,16,25,68750,91265,32556,35500,58750,31875
"Johnson County, Texas",56433,2244,1917,4668,5002,7878,11537,8339,9364,3263,2221,62066,78174,27667,36444,49563,38541
"Hartley County, Texas",1681,41,5,151,176,315,421,193,311,17,51,59280,73285,20480,37096,42045,37361
"Limestone County, Texas",8169,664,530,1097,1152,1263,1608,669,777,281,128,42680,57409,21822,25553,36608,31293
"Parker County, Texas",44255,1976,1051,2584,3378,5532,7717,5585,8725,3764,3943,74625,97384,34705,37951,62700,39530
"Culberson County, Texas",681,67,56,156,71,106,115,53,53,2,2,33417,42536,15873,20055,29893,19914
"Garza County, Texas",1628,91,92,86,175,357,303,261,201,22,40,55039,71609,19177,25668,36124,31192
"Travis County, Texas",458484,25185,13833,30702,35855,52824,80575,56305,76961,35361,50883,71767,103148,41049,39153,54718,47395
"Collingsworth County, Texas",1055,83,42,152,194,135,199,147,50,27,26,42750,60536,22880,22417,34964,26613
"Lamb County, Texas",4754,334,485,542,616,713,948,436,478,72,130,43396,57348,21506,27217,40910,31167
"Loving County, Texas",33,0,3,0,3,3,6,2,16,0,0,81875,75148,23546,-666666666,101667,61250
"Robertson County, Texas",6358,487,357,647,694,865,1164,872,935,163,174,54201,67074,25465,27321,50608,28707
"Taylor County, Texas",49482,3105,2676,5010,5820,7781,9267,5453,6593,1934,1843,50818,69401,26469,26918,41458,31559
"Trinity County, Texas",5918,467,441,916,818,941,1123,489,426,261,36,40407,51359,22265,27352,45856,31094
"Bandera County, Texas",8242,436,453,810,670,1382,1670,1022,1073,337,389,53683,70305,28539,27075,47575,37390
"Cochran County, Texas",996,90,112,126,97,141,152,101,117,49,11,42798,57710,21014,30918,40234,32976
"Comal County, Texas",48903,2017,1437,2986,3659,5974,8230,7418,8321,3838,5023,75356,98131,36899,36948,55209,43405
"Houston County, Texas",8209,833,862,1293,1166,1248,1461,584,599,79,84,34297,47354,18080,22610,31213,24452
"Potter County, Texas",43944,3639,2891,5784,5955,6441,8617,4180,3986,1087,1364,43157,60730,22267,27606,39537,30930
"Scurry County, Texas",5884,185,433,551,786,701,1072,809,903,310,134,55889,69935,24508,35319,54349,32472
"Stonewall County, Texas",582,36,50,89,63,61,79,84,47,50,23,48000,66282,28746,26401,64213,29432
"Brown County, Texas",14016,1033,705,1708,2015,2068,2654,1500,1532,368,433,45457,64580,25145,28531,41504,31092
"Bee County, Texas",8537,1002,575,1104,924,1411,1469,668,827,286,271,42032,60273,17390,23636,46326,28808
"Crane County, Texas",1422,77,29,154,51,120,328,240,303,53,67,70398,79681,26113,34238,57929,28816
"McCulloch County, Texas",3255,275,203,386,347,534,732,362,286,35,95,45329,58607,24409,26869,45357,26534
"Lee County, Texas",6104,376,445,598,491,866,1354,803,686,296,189,55000,67793,25876,31188,47531,33876
"Ellis County, Texas",55840,1972,1861,3719,4313,6129,10812,8484,10267,4812,3471,72213,90350,30727,36752,53656,43455
"Kerr County, Texas",20766,992,814,2202,2562,3448,3852,2838,2414,967,677,52473,73327,30498,27148,41314,37059
"Falls County, Texas",5237,806,392,566,676,818,852,505,458,118,46,38032,49617,17830,25760,31817,35503
