county_state,total_cases,total_fatalities,death_rate,total_tests,race_pop,race_pop_hispanic_or_latino_of_any_race,race_pop_white_alone,race_pop_black_or_african_american_alone,race_pop_american_indian_and_alaska_native_alone,race_pop_asian_alone,race_pop_native_hawaiian_and_other_pacific_islander_alone,race_pop_some_other_race_alone,race_pop_two_or_more_races,sex_age_pop,sex_age_pop_male,sex_age_pop_female,sex_age_pop_under_5,sex_age_pop_5_to_9,sex_age_pop_10_to_14,sex_age_pop_15_to_19,sex_age_pop_20_to_24,sex_age_pop_25_to_34,sex_age_pop_35_to_44,sex_age_pop_45_to_54,sex_age_pop_55_to_59,sex_age_pop_60_to_64,sex_age_pop_65_to_74,sex_age_pop_75_to_84,sex_age_pop_85_and_over,sex_age_median_age_in_years,sq_mi,obes_percent,health_ins_noninst_pop,health_ins_noninst_pop_cov_yes,health_ins_noninst_pop_private,health_ins_noninst_pop_public,health_ins_noninst_pop_cov_no,inc_hhlds,inc_hhlds_less_than_10_000,inc_hhlds_10_000_to_14_999,inc_hhlds_15_000_to_24_999,inc_hhlds_25_000_to_34_999,inc_hhlds_35_000_to_49_999,inc_hhlds_50_000_to_74_999,inc_hhlds_75_000_to_99_999,inc_hhlds_100_000_to_149_999,inc_hhlds_150_000_to_199_999,inc_hhlds_200_000_or_more,inc_med_hhld_inc_dol,inc_mean_hhld_inc_dol,inc_per_capita_inc_dol,inc_med_earn_male_full_yr_workers_dol,inc_med_earn_female_full_yr_workers_dol,deaths_per_100_cases,cases_per_100_people,tests_per_100_people,pop_density,covid_severity,inc_hhlds_less_than_25_000,inc_hhlds_25_000_to_49_999,inc_hhlds_less_than_99_999,inc_hhlds_100_000_or_more,inc_hhlds_less_than_49_999,inc_hhlds_50_000_to_99_999,race_pop_other,race_pop_minority,sex_age_pop_0_to_44,sex_age_pop_45_to_74,sex_age_pop_75_and_over,sex_age_pop_0_to_64,sex_age_pop_65_and_over,sex_age_pop_0_to_35,sex_age_pop_35_to_59,sex_age_pop_60_to_84,percent_race_pop_hispanic_or_latino_of_any_race,percent_race_pop_white_alone,percent_race_pop_black_or_african_american_alone,percent_race_pop_american_indian_and_alaska_native_alone,percent_race_pop_asian_alone,percent_race_pop_native_hawaiian_and_other_pacific_islander_alone,percent_race_pop_some_other_race_alone,percent_race_pop_two_or_more_races,percent_sex_age_pop_male,percent_sex_age_pop_female,percent_sex_age_pop_under_5,percent_sex_age_pop_5_to_9,percent_sex_age_pop_10_to_14,percent_sex_age_pop_15_to_19,percent_sex_age_pop_20_to_24,percent_sex_age_pop_25_to_34,percent_sex_age_pop_35_to_44,percent_sex_age_pop_45_to_54,percent_sex_age_pop_55_to_59,percent_sex_age_pop_60_to_64,percent_sex_age_pop_65_to_74,percent_sex_age_pop_75_to_84,percent_sex_age_pop_85_and_over,percent_health_ins_noninst_pop_cov_yes,percent_health_ins_noninst_pop_cov_no,percent_inc_hhlds_less_than_10_000,percent_inc_hhlds_10_000_to_14_999,percent_inc_hhlds_15_000_to_24_999,percent_inc_hhlds_25_000_to_34_999,percent_inc_hhlds_35_000_to_49_999,percent_inc_hhlds_50_000_to_74_999,percent_inc_hhlds_75_000_to_99_999,percent_inc_hhlds_100_000_to_149_999,percent_inc_hhlds_150_000_to_199_999,percent_inc_hhlds_200_000_or_more,percent_inc_hhlds_less_than_25_000,percent_inc_hhlds_25_000_to_49_999,percent_inc_hhlds_less_than_99_999,percent_inc_hhlds_100_000_or_more,percent_inc_hhlds_less_than_49_999,percent_inc_hhlds_50_000_to_99_999,percent_race_pop_other,percent_race_pop_minority,percent_sex_age_pop_0_to_44,percent_sex_age_pop_45_to_74,percent_sex_age_pop_75_and_over,percent_sex_age_pop_0_to_64,percent_sex_age_pop_65_and_over,percent_sex_age_pop_0_to_35,percent_sex_age_pop_35_to_59,percent_sex_age_pop_60_to_84
"Albany County, New York",3577.0,128.0,0.03578417668437238,176101,307426,17925,223319,35930,322,19867,131,562,9370,307426,148910,158516,15583,15061,16260,23483,32530,40071,34776,39656,20862,19728,27836,14186,7394,37.9,522.8290000000002,0.08800000000000001,303585,291580,237579,99940,12005,126008,6903,5675,11192,10605,15284,21239,16316,20612,9349,8833,64535,86827,36454,56216,49598,3.5784176684372384,1.1635320369780044,57.282402919727026,588.0048734863594,1,23770,25889,87214,29961,49659,37555,10385,84107,177764,108082,21580,258010,49416,142988,95294,61750,0.058306714461366316,0.7264154625828655,0.1168736541476648,0.0010474065303520198,0.06462368179659496,0.0004261188058264428,0.001828082205148556,0.030478879470181443,0.4843767280581343,0.5156232719418656,0.05068862100147678,0.048990651408794314,0.052890776967465344,0.07638586196352944,0.1058140820880472,0.1303435623532167,0.11311990527801813,0.12899364399888102,0.06786023303168892,0.06417154046827529,0.09054536701515162,0.046144438011098604,0.024051316414356625,0.9604558855015893,0.03954411449841066,0.05478223604850486,0.045036823058853405,0.08881975747571583,0.08416132309059743,0.12129388610246969,0.16855279029902864,0.12948384229572726,0.16357691575138086,0.07419370198717541,0.07009872389054664,0.1886388165830741,0.20545520919306712,0.692130658370897,0.2377706177385563,0.3940940257761412,0.2980366325947559,0.03378048701150846,0.2735845374171345,0.578233461060548,0.35157078451399687,0.07019575442545523,0.8392588785593932,0.16074112144060684,0.4651135557825298,0.3099737823085881,0.2008613454945255
"Allegany County, New York",271.0,9.0,0.033210332103321034,24790,47025,744,44391,639,133,523,12,66,517,47025,23755,23270,2425,2666,2745,4692,4342,4761,4648,5663,3522,3117,4863,2471,1110,38.8,1029.36,0.09300000000000001,46552,43329,31997,19240,3223,18009,1202,1109,2328,1872,3171,3500,2264,1921,379,263,47033,58195,23030,45552,34006,3.321033210332104,0.5762892078681552,52.71664008506114,45.68372581021218,1,4639,5043,15446,2300,9682,5764,728,2634,26279,17165,3581,38581,8444,21631,13833,10451,0.015821371610845295,0.943987240829346,0.013588516746411483,0.0028282828282828283,0.011121743753322701,0.00025518341307814995,0.0014035087719298245,0.010994152046783626,0.5051568314726209,0.49484316852737903,0.051568314726209465,0.05669324827219564,0.05837320574162679,0.09977671451355662,0.09233386496544391,0.10124401913875598,0.09884104199893673,0.12042530568846359,0.074896331738437,0.06628389154704944,0.10341307814992025,0.0525465178096757,0.023604465709728868,0.930765595463138,0.069234404536862,0.06674440557499028,0.06158032095063579,0.1292686989838414,0.10394802598700649,0.17607862735299018,0.19434727080903993,0.12571492031761897,0.10666888777833305,0.021045033039036036,0.014603809206507857,0.2575934255094675,0.28002665333999666,0.8576822699761231,0.1277139208173691,0.5376200788494642,0.3200621911266589,0.015481127060074429,0.05601275917065391,0.5588304093567251,0.3650186071238703,0.07615098351940457,0.8204359383306752,0.17956406166932481,0.4599893673577884,0.29416267942583735,0.2222434875066454
"Bronx County, New York",55011.0,3397.0,0.061751286106415074,969996,1437872,803636,133874,421275,3476,50906,493,8803,15409,1437872,676963,760909,106083,99150,97391,98070,113041,227012,181911,185464,83036,72244,97497,54473,22500,33.9,42.05,0.124,1416810,1279890,633271,789775,136920,499728,67371,49272,65984,52700,64403,77306,47045,45809,16847,12991,38085,56328,20850,39649,38504,6.175128610641508,3.825862107336397,67.46052499805268,34194.340071343635,3,182627,117103,424081,62656,299730,124351,28181,1303998,922658,438241,76973,1263402,174470,740747,450411,224214,0.5589064951539497,0.09310564500873512,0.292985050129636,0.00241746135956469,0.03540370770138093,0.00034286779351708636,0.006122241757263512,0.010716531095952908,0.470808945441597,0.529191054558403,0.07377777715958027,0.06895606841220915,0.06773273281627294,0.06820495843858146,0.07861687271189646,0.1578805345677501,0.12651404297461805,0.1289850556934136,0.05774922941680483,0.05024369345811032,0.0678064528692401,0.03788445703094573,0.015648124450576964,0.9033603658923921,0.09663963410760794,0.13481533954471234,0.09859763711459034,0.13203982966733904,0.1054573688086319,0.12887610860308008,0.15469615470816123,0.09414121281977396,0.09166786731982199,0.03371233951269491,0.025996141901194248,0.3654528063266417,0.23433347741171198,0.8486236512662889,0.12538020683251688,0.5997862837383536,0.2488373675279352,0.019599102006298195,0.9068943549912649,0.6416829870809084,0.30478443143756884,0.05353258148152269,0.8786609656492372,0.12133903435076279,0.5151689441062904,0.3132483280848365,0.15593460335829615
"Broome County, New York",3368.0,95.0,0.02820665083135392,160671,194402,7974,162872,10047,339,8209,56,89,4816,194402,95608,98794,10199,10544,10312,15288,19109,21714,19835,24367,14305,13108,18651,11074,5896,39.8,705.816,0.08900000000000001,191590,183595,132610,81741,7995,78594,5984,5000,8826,8272,10687,14288,9773,10217,3222,2325,50859,67135,27744,47877,40077,2.820665083135392,1.7324924640692998,82.64884106130596,275.42872363335493,1,19810,18959,62830,13439,38769,24061,5300,31530,107001,70431,16970,158781,35621,87166,58507,42833,0.04101809652164072,0.8378103105935124,0.051681567062067266,0.0017438092200697524,0.04222693182168908,0.00028806288001152254,0.00045781422001831256,0.024773407680990938,0.49180563985967224,0.5081943601403278,0.05246345202209854,0.05423812512216952,0.05304472176212179,0.07864116624314564,0.09829631382393185,0.11169638172446786,0.10203084330408123,0.12534336066501373,0.07358463390294338,0.0674272898426971,0.09594037098383762,0.056964434522278576,0.030328906081213157,0.9582702646275901,0.041729735372409836,0.07613812759243709,0.06361808789475024,0.11229864875181311,0.1052497646130748,0.13597730106623915,0.18179504796803828,0.1243479145990788,0.12999720080413263,0.040995495839377054,0.02958241087105886,0.2520548642390004,0.24122706567931393,0.7994248924854315,0.1709926966435097,0.4932819299183144,0.3061429625671171,0.027263094001090525,0.1621896894064876,0.5504110040020165,0.3622956553944918,0.08729334060349174,0.8167662884126706,0.18323371158732935,0.4483801606979352,0.30095883787203837,0.2203320953488133
"Cattaraugus County, New York",461.0,17.0,0.0368763557483731,44917,77686,1605,70425,1224,2289,648,0,61,1434,77686,38491,39195,4440,4742,5182,5320,4972,8412,8380,10441,6045,5646,8039,4311,1756,42.0,1308.3519999999999,0.11800000000000001,76884,71522,51614,33186,5362,31433,1941,2233,4043,3674,4586,5967,3952,3605,840,592,47240,59656,24628,44818,36540,3.6876355748373104,0.5934145148417991,57.8186545838375,59.37698723279362,1,8217,8260,26396,4445,16477,9919,3784,7261,41448,30171,6067,63580,14106,33068,24866,17996,0.020660093195685195,0.9065339958293643,0.015755734623999176,0.029464768426743556,0.008341271271528975,0.0,0.0007852122647581289,0.018458924387920603,0.4954689390623793,0.5045310609376207,0.05715315500862446,0.061040599335787656,0.06670442550781351,0.06848080735267616,0.06400123574389208,0.1082820585433669,0.1078701439126741,0.13440002059573153,0.07781324820430965,0.07267718765285895,0.10348067862935406,0.05549262415364416,0.022603815359266793,0.9302585713542479,0.06974142864575204,0.06175038971781249,0.07103998981961633,0.1286227849712086,0.11688353004803868,0.14589762351668628,0.18983234180638184,0.12572773836413959,0.11468838481850285,0.02672350714217542,0.018833709795437914,0.26141316450863744,0.262781153564725,0.8397543982438839,0.14141189196067827,0.5241943180733624,0.31556008017052145,0.04870890507942229,0.09346600417063564,0.5335324254048348,0.3883711350822542,0.07809643951291095,0.8184228818577349,0.18157711814226501,0.42566228149216073,0.3200834127127153,0.23165049043585717
"Cayuga County, New York",364.0,3.0,0.008241758241758242,50028,77868,2232,70280,3241,138,394,0,104,1479,77868,39982,37886,3935,4346,4356,4858,4847,9646,9011,11067,6325,5618,7951,3875,2033,42.7,691.5830000000003,0.09699999999999999,74300,70255,53816,28855,4045,31251,1597,1532,2923,3295,4638,6118,4176,4811,1304,857,56579,71215,29022,52101,40724,0.8241758241758242,0.4674577490111471,64.24718754815842,112.59386075134869,1,6052,7933,24279,6115,13985,10294,1721,7588,40999,30961,5908,64009,13859,31988,26403,17444,0.028663892741562644,0.9025530384753686,0.04162171880618482,0.0017722299275697334,0.0050598448656701085,0.0,0.0013355935686032772,0.01899368161504084,0.5134586736528484,0.4865413263471516,0.050534237427441314,0.05581240047259465,0.055940822931114194,0.062387630348795395,0.062246365644423894,0.12387630348795398,0.11572147737196281,0.14212513484358144,0.08122720501361277,0.07214773719628088,0.10210869676889095,0.04976370267632404,0.02610828581702368,0.9455585464333782,0.054441453566621806,0.05110236472432882,0.04902243128219897,0.0935330069437778,0.1054366260279671,0.1484112508399731,0.1957697353684682,0.13362772391283478,0.1539470736936418,0.04172666474672811,0.027423122460081276,0.1936578029503056,0.25384787686794025,0.7769031390995488,0.19567373844036992,0.4475056798182458,0.329397459281303,0.022101505111213848,0.09744696152463143,0.5265192376842862,0.39760877382236604,0.07587198849334771,0.8220193147377614,0.17798068526223865,0.4107977603123234,0.339073817229157,0.22402013664149587
"Chautauqua County, New York",884.0,4.0,0.004524886877828055,73881,129656,9585,113526,2975,401,688,55,85,2341,129656,63960,65696,7042,6705,8040,9407,8604,15083,13614,17040,10365,9088,13606,7615,3447,42.5,1060.224,0.105,127138,120117,82943,57797,7021,52572,3879,3953,7047,5861,7910,9375,6463,5853,1326,905,45332,59330,24825,45644,35777,0.4524886877828055,0.6818041586968594,56.98232245326093,122.29113847639744,1,14879,13771,44488,7179,28650,15838,2882,16130,68495,50099,11062,104988,24668,54881,41019,30309,0.07392638983155427,0.8755938791880051,0.022945332263836615,0.003092799407663355,0.005306349108409946,0.0004241994200037021,0.0006555809218239032,0.01805546985870303,0.49330536188066887,0.5066946381193311,0.05431295119392855,0.05171376565681496,0.06201024248781391,0.07255352625408774,0.06636021472203368,0.1163309063984698,0.10500092552600727,0.13142469303387425,0.0799423088788795,0.07009316961806626,0.10493922379218856,0.05873233787869439,0.02658573455914111,0.944776542025201,0.05522345797479904,0.07378452408125999,0.07519211747698394,0.13404473864414518,0.11148520124781253,0.1504603210834665,0.17832686601232595,0.12293616373735068,0.11133302898881534,0.025222551928783383,0.01721448679905653,0.2830213802023891,0.261945522331279,0.8462299322833448,0.13655558091759873,0.5449669025336681,0.3012630297496766,0.02222804960819399,0.12440612081199481,0.5282825322391559,0.3863993953230086,0.0853180724378355,0.8097427037699759,0.19025729623002408,0.42328160671314863,0.316367927438761,0.23376473128894923
"Chemung County, New York",1640.0,12.0,0.007317073170731708,64000,85740,2595,74077,4940,282,1240,6,81,2519,85740,42556,43184,5075,4884,5453,5192,5215,10514,10159,11571,6379,5979,8468,4395,2456,41.3,407.352,0.106,82378,78599,55076,36118,3779,34373,2582,1823,3526,3743,4497,6640,4412,4828,1229,1093,53299,68938,28115,49631,39540,0.7317073170731708,1.9127595054816888,74.64427338465127,210.48135273669948,1,7931,8240,27223,6057,16171,11052,2888,11663,46492,32397,6851,70421,15319,36333,28109,18842,0.03026592022393282,0.8639724749241894,0.0576160485187777,0.003289013296011197,0.014462327968276184,6.997900629811057e-05,0.0009447165850244927,0.029379519477490085,0.49633776533706553,0.5036622346629345,0.05919057616048519,0.056962911126662,0.06359925355726616,0.06055516678329834,0.06082341964077444,0.12262654536972242,0.11848612083041754,0.13495451364590622,0.07439934686260788,0.06973407977606717,0.09876370422206672,0.05125962211336599,0.028644739911359924,0.9541261016290757,0.045873898370924274,0.07511709772204929,0.05303581299275594,0.10258051377534692,0.10889360835539522,0.1308294300759317,0.19317487562912752,0.12835655892706485,0.1404590812556367,0.03575480755243941,0.03179821371425247,0.23073342449015216,0.23972303843132692,0.7919878974776714,0.17621388880807612,0.4704564629214791,0.3215314345561924,0.03368322836482389,0.1360275250758106,0.5422439934686261,0.377851644506648,0.07990436202472592,0.8213319337532073,0.17866806624679263,0.4237578726382085,0.32783998133893166,0.21975740611149988
"Chenango County, New York",381.0,6.0,0.015748031496062992,35456,48348,1038,45846,429,141,206,0,5,683,48348,24227,24121,2596,2639,2982,2930,2743,5235,5252,6869,4062,3500,5564,2930,1046,44.7,893.5930000000003,0.11,47740,45479,32734,21332,2261,20616,1161,1353,2546,2234,2885,4247,2693,2350,697,450,50595,63006,26717,44694,35615,1.574803149606299,0.7880367336808142,73.33498800364028,54.105168684177244,1,5060,5119,17119,3047,10179,6940,829,2502,24377,19995,3976,38808,9540,19125,16183,11994,0.021469347232563912,0.9482501861504096,0.008873169520972946,0.0029163564159841154,0.004260776040373956,0.0,0.00010341689418383387,0.014126747745511706,0.5010962190783487,0.4989037809216514,0.05369405146024655,0.05458343675022752,0.06167783569123852,0.06060229999172665,0.05673450814925126,0.10827748821047406,0.1086291056506991,0.14207412922975096,0.08401588483494664,0.0723918259286837,0.11508231984777033,0.06060229999172665,0.021634814263258046,0.9526392961876833,0.04736070381231672,0.05631548311990687,0.06562863795110593,0.12349631354287932,0.10836243694218083,0.13993985254171518,0.20600504462553357,0.1306266977105161,0.11398913465269693,0.03380869227784245,0.021827706635622817,0.24544043461389212,0.24830228948389602,0.8303744664338378,0.1477978269305394,0.49374272409778813,0.33663174233604964,0.017146521055679657,0.051749813849590466,0.5041987259038636,0.41356415984115164,0.0822371142549847,0.802680565897245,0.19731943410275501,0.39556962025316456,0.3347191197153967,0.2480764457681807
"Clinton County, New York",240.0,5.0,0.020833333333333332,46403,80794,2310,72705,3297,206,1183,26,203,864,80794,41499,39295,3945,3859,4189,6023,7824,10146,9380,11080,5953,5542,7397,3967,1489,39.3,1037.754,0.1,76283,72910,55885,29704,3373,31395,2100,1576,3069,3135,4215,6306,4239,4395,1603,757,55178,68108,26772,46439,42674,2.083333333333333,0.2970517612694012,57.43372032576677,77.85467461460037,1,6745,7350,24640,5998,14095,10545,1299,8089,45366,29972,5456,67941,12853,35986,26413,16906,0.028591232022179863,0.8998811792954923,0.040807485704383986,0.002549694284229027,0.014642176399237566,0.00032180607470851797,0.002512562814070352,0.010693863405698443,0.5136396267049533,0.48636037329504667,0.04882788325865782,0.0477634477807758,0.051847909498230066,0.07454761492190014,0.0968388741738248,0.12557863207663936,0.11609773002945763,0.13713889645270688,0.07368121395153106,0.06859420253979256,0.09155382825457337,0.049100180706488104,0.018429586355422432,0.9557830709332354,0.04421692906676455,0.06688963210702341,0.05019907628603281,0.09775441949354993,0.09985666507405638,0.13425704730052557,0.20086000955566172,0.13502150023889153,0.13999044433827043,0.05105908584169454,0.024112119764293678,0.21484312788660614,0.23411371237458195,0.7848383500557413,0.19104953017996495,0.4489568402611881,0.3358815097945533,0.01607792657870634,0.10011882070450775,0.5615020917394856,0.37096814119860383,0.06752976706191054,0.8409164046835161,0.1590835953164839,0.44540436171002795,0.3269178404336956,0.20924821150085401
"Columbia County, New York",680.0,48.0,0.07058823529411765,39059,60919,2827,52771,2564,33,1095,0,94,1535,60919,30495,30424,2572,3150,2951,3355,3285,6515,6492,8982,4977,5063,7870,4140,1567,47.8,634.663,0.073,59273,56514,42462,24148,2759,25243,1316,959,2438,2344,3082,4580,3747,3732,1589,1456,63032,84495,35581,52195,43119,7.0588235294117645,1.116236313793726,64.11628555951346,95.98637387085743,1,4713,5426,18466,5321,10139,8327,1662,8148,28320,26892,5707,47342,13577,21828,20451,17073,0.04640588322198329,0.8662486252236576,0.04208867512598696,0.0005417029169881318,0.017974687700060735,0.0,0.001543032551420739,0.025197393259902494,0.5005827410167599,0.49941725898324,0.042219997045256814,0.05170800571250349,0.04844137297066597,0.0550731298937934,0.05392406310018221,0.10694528800538419,0.10656773748748338,0.14744168486022424,0.08169864902575551,0.0831103596579064,0.12918793808171505,0.06795909322214744,0.025722680936981893,0.9534526681625698,0.0465473318374302,0.05213326466743255,0.037990730103395,0.09658123044012201,0.09285742582101969,0.12209325357524858,0.18143643782434735,0.1484371905082597,0.1478429663669136,0.06294814403993186,0.057679356653329635,0.18670522521094957,0.21495067939626827,0.7315295329398249,0.21079111040684545,0.40165590460721784,0.3298736283326071,0.027282128728311365,0.13375137477634236,0.4648795942152695,0.4414386316256012,0.09368177415912933,0.7771302877591556,0.2228697122408444,0.3583118567277861,0.33570807137346315,0.2802573909617689
"Cortland County, New York",510.0,1.0,0.0019607843137254893,42981,48123,1278,44579,693,111,343,0,93,1026,48123,23550,24573,2527,2832,2412,4399,5791,5466,4879,6120,3494,2656,4399,2104,1044,36.4,498.773,0.105,47652,45596,36014,16049,2056,17685,812,1148,1702,1703,2746,3347,2556,2285,847,539,54489,71421,26979,47978,38684,0.19607843137254896,1.059784302724269,89.31488061841532,96.4827687144252,1,3662,4449,14014,3132,8111,5903,1230,3544,28306,16669,3148,40576,7547,23427,14493,9159,0.026556947821208154,0.9263553810028469,0.014400598466429774,0.0023065893647528208,0.007127568937929888,0.0,0.0019325478461442553,0.021320366560688236,0.4893709868462066,0.5106290131537934,0.052511273195769176,0.05884919892774765,0.05012156349354779,0.09141159113106,0.1203374685701224,0.11358394115080107,0.1013860316272884,0.12717411632691228,0.072605614778796,0.05519190407913056,0.09141159113106,0.043721297508467885,0.021694408079296804,0.9568538571308655,0.04314614286913456,0.04591461690698332,0.06491376873056262,0.09623975120158326,0.0962962962962963,0.1552728300819904,0.1892564320045236,0.14452926208651398,0.12920554141928187,0.047893695221939495,0.030477806050325133,0.2070681368391292,0.25156912637828666,0.7924229573084535,0.17709923664122137,0.4586372632174159,0.3337856940910376,0.025559503771585314,0.07364461899715313,0.5882010680963364,0.34638322631589885,0.06541570558776469,0.8431727032811753,0.15682729671882467,0.48681503646904806,0.3011657627329967,0.19032479271865843
"Delaware County, New York",169.0,5.0,0.02958579881656805,26897,45502,1742,41958,720,70,363,8,39,602,45502,22943,22559,1795,2192,2243,3563,2821,4443,4280,6128,3710,3732,6144,3188,1263,47.5,1442.42,0.076,45062,42341,29965,21037,2721,19030,1193,1315,2504,2043,2688,3856,2239,2248,514,430,48827,61473,26629,47715,35985,2.9585798816568047,0.3714122456155773,59.11168739835611,31.545596982848267,1,5012,4731,15838,2762,9743,6095,719,3544,21337,19714,4451,34907,10595,17057,14118,13064,0.03828403147114413,0.9221133137004967,0.01582348028658081,0.001538393916750912,0.007977671311151157,0.00017581644762867566,0.0008571051821897939,0.013230187684057844,0.5042195947430882,0.4957804052569118,0.039448815436684104,0.04817370665025713,0.04929453650388994,0.07830425036262142,0.061997274845061755,0.09764405960177575,0.09406179948134148,0.13467539888356556,0.08153487758779834,0.08201837281877719,0.13502703177882291,0.07006285438002725,0.02775702166937717,0.9396165283387333,0.0603834716612667,0.0626904887020494,0.06910141881240148,0.13158171308460326,0.10735680504466631,0.14125065685759328,0.2026274303730951,0.11765633210719915,0.11812926957435628,0.027009984235417762,0.02259590120861797,0.2633736205990541,0.2486074619022596,0.832264844981608,0.14513925380977405,0.5119810825013137,0.3202837624802943,0.015801503230627224,0.07788668629950332,0.4689244428816316,0.433255681068964,0.09781987604940443,0.7671530921717726,0.23284690782822734,0.3748626434002901,0.3102720759527054,0.2871082589776274
"Dutchess County, New York",5438.0,165.0,0.030342037513791838,212584,293894,34970,211310,28478,410,10600,79,1112,6935,293894,146174,147720,13631,14599,17309,21866,22024,33821,33864,44870,23014,20196,27457,14698,6545,42.0,795.6469999999997,0.081,285918,271484,217828,93797,14434,107347,4288,4595,7062,8073,10738,16901,14471,20484,10440,10295,78028,100352,38048,62784,51521,3.0342037513791835,1.8503269886421636,72.33356244088004,369.3773746397586,1,15945,18811,66128,30924,34756,31372,8536,82584,157114,115537,21243,245194,48700,123250,101748,62351,0.11898847883930941,0.7190007281536881,0.09689888190980421,0.0013950608042355406,0.03606742567047983,0.0002688043988648969,0.0037836771080729786,0.023596943115545062,0.4973697999959169,0.5026302000040831,0.04638066785984062,0.04967437239276746,0.05889538405003165,0.07440097450101057,0.07493858329874037,0.1150789060001225,0.11522521725520085,0.1526740933806066,0.07830714475287008,0.06871865366424629,0.09342484024852497,0.050011228538180436,0.022269934057857595,0.949516994383005,0.050483005616995084,0.039945224365841615,0.04280510866628783,0.06578665449430351,0.07520470995929089,0.10003074142733379,0.15744268586919058,0.13480581665067493,0.19082042348645048,0.09725469738325244,0.09590393769737393,0.14853698752643296,0.1752354513866247,0.6160209414329232,0.28807512086970294,0.3237724389130577,0.2922485025198655,0.02904448542671848,0.28099927184631196,0.534594105357714,0.393124732046248,0.07228116259603802,0.834293997155437,0.165706002844563,0.41936888810251316,0.34620645538867756,0.2121547224509517
"Erie County, New York",12819.0,647.0,0.05047195569077152,532726,919866,49413,696992,119231,4092,31615,247,1276,17000,919866,444998,474868,50232,50843,53014,59078,62986,128665,101496,123733,69088,62199,87041,46937,24554,40.4,1042.724,0.09699999999999999,908252,874526,649202,358361,33726,387847,27586,22626,39273,37590,48286,67581,48461,57408,22083,16953,55673,75293,32347,53789,43188,5.047195569077153,1.3935725420876521,57.91343521773825,882.1759161580629,1,89485,85876,291403,79491,175361,116042,22615,222874,506314,342061,71491,761334,158532,404818,294317,196177,0.05371760669488817,0.7577103621614453,0.1296177921566837,0.004448474016867674,0.034369136374211025,0.000268517371008386,0.0013871585643995973,0.0184809526604962,0.4837639395303229,0.5162360604696771,0.05460795376717913,0.055272180948094614,0.05763230731432622,0.06422457183981145,0.06847301672200082,0.1398736337683967,0.11033781007233662,0.13451198326712804,0.07510659161225657,0.06761745732530608,0.09462356473660294,0.051025910295630014,0.02669301833093081,0.9628671337910624,0.03713286620893761,0.07112598524675967,0.058337437185281824,0.10125900161661686,0.09691966161914363,0.12449754671300796,0.17424654567393844,0.12494875556598349,0.14801713046639525,0.056937400572906326,0.043710535339966536,0.23072242404865836,0.2214172083321516,0.7513349336207319,0.20495453103930159,0.45213963238080995,0.29919530123992194,0.02458510261277186,0.24228963783855476,0.5504214744321455,0.3718595969412936,0.07771892862656082,0.8276575066368362,0.17234249336316376,0.44008366435980895,0.31995638495172124,0.21326693235753905
"Essex County, New York",197.0,14.0,0.07106598984771574,21975,37751,1133,34773,1080,78,134,8,56,489,37751,19622,18129,1495,1870,1633,2068,1954,4517,4291,5365,3341,2895,4707,2592,1023,47.0,1794.118,0.086,35351,33978,25513,15376,1373,15425,669,835,1528,1587,2084,3200,2179,2225,673,445,56196,72078,30273,47135,36247,7.106598984771575,0.5218404810468596,58.21037853301899,21.041536844287837,1,3032,3671,12082,2898,6703,5379,631,2978,17828,16308,3615,29429,8322,13537,12997,10194,0.030012450001324468,0.9211146724590077,0.028608513681756775,0.0020661704325713225,0.0035495748456994517,0.0002119149161611613,0.0014834044131281292,0.012953299250350984,0.5197743106142884,0.48022568938571164,0.039601599957617015,0.04953511165267145,0.04325713226139705,0.0547800058276602,0.05176021827236365,0.11965245953749569,0.11366586315594289,0.1421154406505788,0.08850096686180499,0.07668671028582025,0.12468543879632328,0.06866043283621626,0.0270986199041085,0.9611609289694776,0.038839071030522476,0.04337115072933549,0.05413290113452188,0.09905996758508914,0.10288492706645057,0.13510534846029174,0.20745542949756887,0.14126418152350081,0.14424635332252836,0.04363047001620746,0.028849270664505672,0.19656401944894653,0.2379902755267423,0.7832739059967585,0.18787682333873582,0.4345542949756888,0.3487196110210697,0.016714789012211597,0.0788853275409923,0.47225239066514796,0.4319885565945273,0.09575905274032476,0.779555508463352,0.22044449153664802,0.35858652750920506,0.3442822706683267,0.27003258191835977
"Franklin County, New York",79.0,1.0,0.012658227848101266,29115,50692,1759,41423,2915,3618,254,94,48,581,50692,27816,22876,2463,2769,2946,3023,3803,7040,6036,7430,3625,3476,4785,2494,802,40.6,1629.214,0.12,45937,42948,31244,19601,2989,19088,1478,1505,1943,1746,2657,3683,2581,2287,711,497,51696,65355,25491,48032,40869,1.2658227848101269,0.15584313106604591,57.43509824035351,31.114390129227964,1,4926,4403,15593,2998,9329,6264,4341,9269,28080,19316,3296,42611,8081,22044,17091,10755,0.034699755385465166,0.8171506352087115,0.05750414266550935,0.07137220863252584,0.005010652568452616,0.0018543359898997868,0.0009468949735658487,0.01146137457586996,0.5487256371814093,0.4512743628185907,0.04858754833109761,0.054624003787579894,0.05811567900260396,0.05963465635603251,0.07502169967647755,0.13887792945632446,0.11907204292590547,0.14657145111654699,0.07151029748283753,0.0685709776690602,0.09439359267734554,0.04919908466819222,0.015821036849996056,0.934932625117008,0.06506737488299193,0.07743084660519699,0.07884534786253143,0.10179170159262364,0.09147108130762784,0.13919740150880133,0.19294844928751048,0.13521584241408213,0.11981349538977368,0.037248533109807205,0.026037300922045262,0.2580678960603521,0.23066848281642918,0.8169006705783739,0.1570620284995809,0.48873637887678123,0.3281642917015926,0.08563481417186143,0.18284936479128858,0.5539335595360214,0.3810463189457903,0.06502012151818827,0.8405862858044661,0.15941371419553382,0.434861516610116,0.33715379152529,0.21216365501459797
"Fulton County, New York",361.0,28.0,0.07756232686980609,28501,53743,1581,49973,1058,132,382,15,0,602,53743,26847,26896,2677,3099,3156,3151,3060,6407,6208,8041,3781,4182,5734,2710,1537,43.8,495.46,0.11800000000000001,52990,49650,34085,24417,3340,22439,1242,1389,2541,2723,3263,4552,2852,2574,809,494,50248,63186,26875,45184,36783,7.756232686980609,0.6717153861898294,53.03202277505908,108.47091591652205,1,5172,5986,18562,3383,11158,7404,749,3770,27758,21738,4247,43762,9981,21550,18030,12626,0.029417784641720783,0.9298513294754666,0.019686284725452616,0.0024561338220791544,0.007107902424501796,0.00027910611614535846,0.0,0.01120145879463372,0.4995441266769626,0.5004558733230374,0.04981113819474164,0.05766332359563106,0.05872392683698342,0.05863089146493497,0.05693764769365313,0.11921552574288745,0.11551271793535903,0.14961948532832184,0.07035334834304002,0.07781478518132594,0.1066929646651657,0.05042517165026143,0.0285990733676944,0.936969239479147,0.06303076052085299,0.05535006016310887,0.061901154240385045,0.11324034047863095,0.1213512188600205,0.14541646240919828,0.20286109006640224,0.12710013815232407,0.11471099425108071,0.03605330005793485,0.02201524132091448,0.23049155488212486,0.2667676812692188,0.82722046437007,0.15076429430901556,0.49725923615134365,0.3299612282187263,0.013936698732858233,0.07014867052453343,0.5164951714641907,0.4044805835178535,0.07902424501795582,0.8142827903168784,0.18571720968312153,0.40098245352883166,0.3354855516067209,0.23493292149675307
"Genesee County, New York",380.0,6.0,0.015789473684210527,37482,58112,1849,52697,1249,501,477,0,43,1296,58112,29022,29090,2980,3516,3265,3453,3633,7081,6380,8579,5104,3668,5673,3181,1599,43.3,492.93699999999995,0.111,57637,55277,42850,22280,2360,23681,1241,1354,2040,2259,3076,4602,3783,3540,1125,661,59338,71189,29465,49783,37947,1.5789473684210529,0.6539096916299559,64.49958700440529,117.8893043127215,1,4635,5335,18355,4665,9970,8385,1840,5415,30308,23024,4780,47659,10453,23928,20063,12522,0.031817868942731274,0.9068178689427313,0.021492979074889867,0.008621283039647577,0.008208287444933921,0.0,0.0007399504405286344,0.022301762114537445,0.499414922907489,0.500585077092511,0.051280286343612334,0.06050385462555066,0.056184609030837,0.05941974118942731,0.06251720814977973,0.12185090859030837,0.10978799559471365,0.14762871696035243,0.08783039647577093,0.06311949339207049,0.09762183370044053,0.054739124449339205,0.027515831497797356,0.9590540798445443,0.040945920155455694,0.0524048815506102,0.057176639500021116,0.08614501076812635,0.09539293104176344,0.12989316329546893,0.19433300958574384,0.15974832143912843,0.14948693045057218,0.047506439761834385,0.027912672606731134,0.19572653181875765,0.22528609433723237,0.7750939571808623,0.19699337021240657,0.42101262615599006,0.35408133102487227,0.03166299559471366,0.09318213105726872,0.521544603524229,0.39620044052863435,0.08225495594713657,0.8201232103524229,0.17987678964757708,0.4117566079295154,0.345247109030837,0.21548045154185022
"Greene County, New York",490.0,15.0,0.030612244897959183,24698,47617,2753,40625,2763,233,516,5,166,556,47617,24903,22714,2029,2014,2442,2735,2970,5739,5187,7032,3775,3698,5909,2750,1337,45.8,647.161,0.08900000000000001,44687,42212,31338,18807,2475,17117,1032,1193,1721,1896,2171,3128,2415,2244,793,524,53617,68228,27271,46820,39630,3.0612244897959178,1.0290442489027027,51.86803032530399,73.5782904099598,1,3946,4067,13556,3037,8013,5543,960,6992,23116,20414,4087,37621,9996,17929,15994,12357,0.05781548606590083,0.853161685952496,0.05802549509628914,0.004893210408047546,0.010836465968036625,0.00010500451519415334,0.003486149904445891,0.011676502089589853,0.5229854883760001,0.4770145116239998,0.04261083226578743,0.04229581872020497,0.0512842052208245,0.05743746981120188,0.062372682025327086,0.12052418253984921,0.10893168406241469,0.14767835016905728,0.07927840897158578,0.07766133943759582,0.12409433605645043,0.05775248335678434,0.028078207362916604,0.9446147649204467,0.05538523507955334,0.06029093883273938,0.06969679266226558,0.10054331950692294,0.11076707366945142,0.12683297306771046,0.18274230297365193,0.14108780744289304,0.13109773908979377,0.04632821171934334,0.030612841035228135,0.23053105100192792,0.2376000467371619,0.7919612081556348,0.17742595080913712,0.4681310977390898,0.32383011041654497,0.020160866917277444,0.14683831404750405,0.48545687464560977,0.4287124346346893,0.08583069071970095,0.7900749732238487,0.20992502677615138,0.37652519058319506,0.3358884432030577,0.25950815885083056
"Hamilton County, New York",16.0,1.0,0.0625,2611,4575,71,4363,37,16,1,1,0,86,4575,2347,2228,147,167,191,291,243,267,390,631,596,333,807,348,164,54.0,1717.376,0.08900000000000001,4550,4241,2858,2183,309,1124,62,44,122,112,153,269,150,137,42,33,57552,66547,25918,37391,41294,6.25,0.3497267759562841,57.071038251366126,2.663947790117016,1,228,265,912,179,493,419,103,212,1696,2367,512,3256,1319,1306,1617,1488,0.01551912568306011,0.9536612021857923,0.008087431693989072,0.0034972677595628415,0.0002185792349726776,0.0002185792349726776,0.0,0.018797814207650275,0.5130054644808744,0.4869945355191257,0.032131147540983604,0.03650273224043716,0.04174863387978142,0.06360655737704918,0.05311475409836065,0.058360655737704915,0.08524590163934426,0.13792349726775957,0.13027322404371586,0.07278688524590164,0.1763934426229508,0.0760655737704918,0.03584699453551913,0.9320879120879121,0.06791208791208792,0.05516014234875445,0.03914590747330961,0.10854092526690391,0.099644128113879,0.13612099644128114,0.2393238434163701,0.13345195729537365,0.12188612099644128,0.037366548042704624,0.029359430604982206,0.20284697508896798,0.23576512455516013,0.8113879003558719,0.1592526690391459,0.4386120996441281,0.37277580071174377,0.022513661202185793,0.046338797814207654,0.37071038251366123,0.5173770491803279,0.11191256830601093,0.7116939890710382,0.28830601092896174,0.2854644808743169,0.3534426229508197,0.32524590163934425
"Herkimer County, New York",387.0,10.0,0.025839793281653745,45759,62505,1309,59147,714,150,322,15,85,763,62505,30918,31587,3214,3579,3884,4133,3851,6851,6661,8638,4933,4510,6913,3562,1776,44.0,1411.515,0.09,61854,58224,39682,28160,3630,24583,1351,1336,2820,2868,3556,4888,3411,3012,863,478,51862,63842,26151,45350,36838,2.5839793281653747,0.619150467962563,73.20854331653467,44.2822074154366,1,5507,6424,20230,3875,11931,8299,1013,3358,32173,24994,5338,50254,12251,25512,20232,14985,0.020942324614030877,0.9462762978961683,0.011423086153107751,0.0023998080153587713,0.005151587872970162,0.00023998080153587713,0.0013598912087033038,0.01220702343812495,0.49464842812574994,0.5053515718742501,0.051419886409087276,0.05725941924646028,0.06213902887768979,0.06612271018318534,0.061611071114310856,0.10960723142148628,0.10656747460203184,0.13819694424446044,0.0789216862650988,0.07215422766178706,0.11059915206783458,0.05698744100471962,0.028413726901847854,0.9413134154622175,0.05868658453778252,0.05495667737867632,0.05434649961355408,0.11471341984298092,0.11666598869137208,0.14465280885164544,0.19883659439450027,0.13875442378879713,0.12252369523654558,0.03510556075336615,0.019444331448562016,0.22401659683521133,0.2613187975430175,0.8229264125615262,0.15762925598991173,0.48533539437822887,0.3375910181832974,0.016206703463722903,0.05372370210383169,0.5147268218542517,0.39987201023918084,0.08540116790656747,0.803999680025598,0.19600031997440204,0.4081593472522198,0.32368610511159107,0.23974082073434125
"Jefferson County, New York",202.0,1.0,0.0049504950495049506,43916,114448,8485,93636,6452,427,1811,208,70,3359,114448,59931,54517,9078,7900,6749,6937,11415,19655,13294,12635,6310,5856,8506,4271,1842,32.4,1268.6960000000001,0.109,102603,96498,70552,40989,6105,43267,2752,2149,4086,4793,6861,8836,6096,5396,1307,991,52268,65268,25884,41150,34459,0.4950495049504951,0.17649937089333148,38.37201174332448,90.20915964108029,1,8987,11654,35573,6703,20641,14932,4064,20812,75028,33307,6113,99829,14619,61734,32239,18633,0.0741384733678177,0.8181532224241577,0.05637494757444429,0.00373095204809171,0.01582378023207046,0.0018174192646442052,0.0006116314832937229,0.02934957360548022,0.5236526632182301,0.4763473367817699,0.07931986579057738,0.06902698168600588,0.05897001258213337,0.06061267999440794,0.09973961973996924,0.17173738291625892,0.11615755627009647,0.11039948273451698,0.05513420942261988,0.05116734237382916,0.07432196281280581,0.03731825807353558,0.016094645603243394,0.9404988158240987,0.05950118417590129,0.0636050569718261,0.04966833845656043,0.09443686874523309,0.11077726673908521,0.15857350867866965,0.20422030646913353,0.140892597129452,0.12471398525435089,0.030207779601081657,0.02290429195460744,0.20771026417361962,0.2693507754177549,0.8221739431899601,0.15492176485543255,0.47706103959137447,0.34511290359858554,0.035509576401509854,0.1818467775758423,0.6555640989794492,0.29102299734377185,0.05341290367677897,0.8722651335104152,0.1277348664895848,0.5394065427093527,0.2816912484272333,0.16280756326017057
"Kings County, New York",74553.0,5110.0,0.06854184271592023,1680230,2600747,499279,940759,787705,3667,304870,846,11136,52485,2600747,1231912,1368835,193743,162283,154327,141394,171719,474552,359498,311752,148957,138974,192857,103729,46962,35.1,69.37100000000001,0.095,2588145,2374783,1411519,1166929,213362,950856,88547,65443,95330,81986,105546,138339,104354,129218,62876,79217,56015,85910,31984,52893,49314,6.854184271592024,2.8665994808414657,64.60566906354212,37490.40665407735,2,249320,187532,679545,192094,436852,242693,68134,1659988,1657516,792540,150691,2257199,343548,1298018,820207,435560,0.19197522865545938,0.3617264578215413,0.3028764428066244,0.0014099795174232633,0.11722401294704944,0.0003252911567330463,0.004281846715578255,0.02018074037959094,0.47367621687153727,0.5263237831284627,0.07449513543608817,0.062398610860648886,0.059339489769670024,0.05436668772471909,0.06602679922345388,0.1824675756619156,0.1382287473560481,0.11987017576104096,0.05727469838473331,0.05343618583430068,0.07415446408281928,0.0398843101616574,0.018057119742904634,0.9175618058493632,0.08243819415063684,0.09312345928300395,0.06882535315547254,0.10025703155893216,0.08622336084538564,0.11100103485701306,0.1454889068376284,0.10974742758104276,0.13589649747175178,0.06612568043951976,0.08331124797024997,0.26220584399740865,0.1972243957023987,0.7146665741184786,0.20202217791127153,0.45943023969980734,0.25523633441867116,0.026197857769325504,0.6382735421784588,0.6373230460325437,0.3047355240628942,0.05794142990456203,0.8679041060126187,0.1320958939873813,0.49909429867649563,0.31537362150182235,0.16747496007877738
"Lewis County, New York",108.0,5.0,0.04629629629629629,12679,26719,456,25607,206,55,145,23,20,207,26719,13451,13268,1661,1552,1903,1659,1571,3051,2982,3632,2094,1994,2559,1371,690,42.0,1274.642,0.12,26366,24621,18132,10309,1745,10242,442,674,822,1270,1676,1996,1424,1309,375,254,52380,66189,26169,45157,39680,4.629629629629629,0.4042067442643811,47.45312324563046,20.961964222110996,1,1938,2946,8304,1684,4884,3420,305,1112,14379,10279,2061,22099,4620,11397,8708,5924,0.01706650698005165,0.9583816759609267,0.007709869381339122,0.0020584602717167557,0.005426849807253265,0.0008608106590815524,0.0007485310078970022,0.0077472959317339725,0.5034245293611288,0.4965754706388712,0.062165500205846026,0.058086006212807365,0.07122272540139975,0.062090647105056324,0.058797110670309516,0.11418840525468768,0.11160597327744302,0.13593323103409558,0.07837119652681612,0.07462854148733111,0.09577454246042143,0.051311800591339496,0.025824319772446574,0.9338162785405446,0.06618372145945536,0.043155633665299745,0.06580745948057021,0.08025776215582894,0.12399921890255809,0.16363991407928138,0.1948838117555165,0.13903534465924625,0.12780706893184926,0.03661394258933802,0.02479984378051162,0.18922085530169888,0.28763913298183946,0.8107791446983011,0.16442101152118727,0.47685998828353837,0.3339191564147627,0.011415097870429283,0.04161832403907332,0.5381563681275496,0.3847075115086642,0.07713612036378607,0.8270893371757925,0.1729106628242075,0.42655039485010665,0.3259104008383547,0.22171488453909202
"Livingston County, New York",280.0,6.0,0.021428571428571432,34406,63907,2223,58112,1696,115,833,22,68,838,63907,32050,31857,2804,3028,3500,5379,6509,7028,6593,8973,4736,4644,6182,3172,1359,40.8,631.762,0.111,61252,59228,47872,21404,2024,24383,1300,1300,2552,2140,3582,4760,3392,3710,1089,558,56071,69001,27073,50564,42686,2.1428571428571432,0.4381366673447353,53.8376077737963,101.15676473102215,1,5152,5722,19026,4799,10874,8152,1043,5795,34841,24535,4531,53194,10713,28248,20302,13998,0.034784921839548094,0.9093213575977592,0.026538563850595397,0.0017994898837373058,0.013034565853505875,0.00034425023862800634,0.0010640461921229286,0.01311280454410315,0.5015100067285274,0.4984899932714726,0.04387625768695135,0.047381351025709235,0.054767083418091916,0.08416918334454755,0.1018511274195315,0.10997230350352856,0.10316553742156571,0.1404071541458682,0.07410768773373809,0.07266809582674824,0.09673431705446978,0.04963462531491073,0.021265276104339117,0.9669561810226605,0.03304381897733952,0.053315834802936474,0.053315834802936474,0.10466308493622606,0.08776606652175696,0.1469056309723988,0.19521797973998278,0.13911331665504656,0.15215519009145717,0.04466226469261371,0.02288479678464504,0.211294754542099,0.23467169749415576,0.7802977484312841,0.19681745478407087,0.4459664520362548,0.33433129639502934,0.016320590858591392,0.09067864240224076,0.5451828438199259,0.38391725476082433,0.07089990141924984,0.8323657815262804,0.16763421847371962,0.4420173063983601,0.317680379301172,0.21903703819612874
"Madison County, New York",559.0,9.0,0.01610017889087657,46267,71359,1547,66547,1158,459,630,73,60,885,71359,35252,36107,3319,4183,3640,6378,5933,7298,7444,10199,5596,5227,7057,3454,1631,41.7,654.865,0.09,70843,67467,51670,25921,3376,26026,1382,1029,2342,2508,3323,5522,3514,4123,1285,998,60228,74989,28925,51028,40689,1.610017889087657,0.7833629955576732,64.83695119045953,108.96749711772655,1,4753,5831,19620,5408,10584,9036,1477,4812,38195,28079,5085,59217,12142,30751,23239,15738,0.021679115458456535,0.9325663195952858,0.016227805882929974,0.006432265026135456,0.008828599055480037,0.0010229963984921314,0.0008408189576647655,0.012402079625555291,0.49400916492663854,0.5059908350733614,0.046511302008155946,0.05861909499852857,0.05100968343166244,0.08937905519976456,0.08314298126375089,0.10227161255062431,0.10431760534760857,0.14292520915371573,0.0784203814515338,0.07324934486189548,0.09889432307067084,0.048403144662901666,0.022856261999187208,0.9523453269906695,0.04765467300933049,0.05310074540843772,0.039537385691231844,0.08998693614078229,0.09636517328825021,0.1276800122953969,0.2121724429416737,0.13501882732651962,0.15841850457235074,0.04937370321985707,0.03834626911549988,0.18262506724045185,0.2240451855836471,0.7538615230922924,0.2077922077922078,0.40667025282409897,0.34719127026819335,0.020698160007847643,0.06743368040471419,0.5352513348000953,0.39348925853781586,0.07125940666208888,0.8298462702672403,0.17015372973275972,0.4309337294524867,0.3256631959528581,0.220546812595468
"Monroe County, New York",7111.0,261.0,0.03670369849528899,510358,744248,63631,527127,107709,1246,26259,113,1272,16891,744248,359374,384874,41595,43403,44235,51252,53257,103968,83605,99986,52237,49079,68688,34806,18137,38.9,656.873,0.081,737093,708983,534706,279305,28110,300796,19837,15813,29241,29319,38894,52560,36956,45040,17786,15350,57479,77604,32502,54007,44044,3.670369849528899,0.9554610828648514,68.57364749384614,1133.016580069511,1,64891,68213,222620,62826,133104,89516,19522,217121,421315,269990,52943,622617,121631,337710,235828,152573,0.08549703862153475,0.70826794294375,0.1447219206501059,0.0016741731250873365,0.03528259397405166,0.00015183111006008749,0.0017091077167825778,0.02269539185862777,0.4828686136879105,0.5171313863120895,0.055888628521675573,0.05831792628263697,0.05943583321688469,0.0688641420601735,0.07155813653513345,0.1396953703604175,0.11233486687233288,0.13434500327847707,0.07018762563016628,0.06594441637733658,0.0922918167062592,0.0467666691747912,0.024369564983715106,0.9618636996959679,0.03813630030403219,0.0659483503769997,0.052570512905756726,0.09721206399021264,0.09747137594914826,0.12930358116464313,0.17473636617508212,0.1228606763387811,0.14973603372385272,0.0591297756619104,0.05103126371361321,0.21573092727296905,0.22677495711379142,0.7401029269006236,0.2088658093857631,0.4425058843867605,0.2975970425138632,0.026230503810557772,0.29173205705625005,0.5660949038492545,0.3627688619922391,0.0711362341585063,0.8365719491352345,0.1634280508647655,0.4537600369769217,0.3168674957809762,0.205002902258387
"Montgomery County, New York",261.0,9.0,0.03448275862068965,32332,49426,6766,40461,858,71,394,0,95,781,49426,24265,25161,3034,3238,3040,3000,2901,6248,5600,6382,3661,3357,4967,2579,1419,41.4,403.11699999999996,0.10400000000000001,48655,45441,28856,23881,3214,19665,1470,1278,2649,2320,2756,3788,2123,2105,789,387,45837,62158,25427,46660,37204,3.448275862068965,0.5280621535224376,65.41496378424311,122.60956496501015,1,5397,5076,16384,2894,10473,5911,947,8965,27061,18367,3998,40461,8965,21461,15643,10903,0.1368915145874641,0.8186177315582892,0.017359284587059442,0.001436490915712378,0.007971512968882774,0.0,0.0019220653097559988,0.015801400072836157,0.49093594464451906,0.5090640553554809,0.061384696313681056,0.06551207866305184,0.06150608991219196,0.0606967992554526,0.05869380488002266,0.12641120058268926,0.11330069194351151,0.12912232428276615,0.07407032735807065,0.06791971836685146,0.10049366730061102,0.05217901509327075,0.028709586047829076,0.933943068543829,0.066056931456171,0.07475209763539283,0.06498855835240275,0.13470633104500382,0.11797609966946351,0.14014747012458684,0.19262649377065852,0.1079583015509789,0.10704296974319857,0.04012204424103737,0.019679633867276888,0.2744469870327994,0.2581235697940503,0.8331553521484871,0.14716501398423595,0.5325705568268497,0.30058479532163745,0.019159956298304536,0.18138226844171085,0.5475053615506009,0.3716060373082993,0.08088860114109983,0.8186177315582892,0.18138226844171085,0.43420466960708937,0.31649334358434833,0.22059240076073322
"Nassau County, New York",49312.0,2209.0,0.04479639844256976,1022557,1356564,225581,824425,151236,1543,125198,190,7143,21248,1356564,659405,697159,74241,81701,84014,89088,86910,155654,162600,198721,101140,90331,125844,66469,39851,41.6,284.59,0.07,1346651,1282018,1088410,372118,64633,445517,12755,9462,21675,22061,31411,52069,51197,87513,61971,95403,111240,146552,49211,77517,60976,4.479639844256977,3.63506624088506,75.37845615835302,4766.731086826663,3,43892,53472,200630,149484,97364,103266,30124,532139,734208,516036,106320,1124400,232164,571608,462461,282644,0.1662885053709224,0.6077302655827517,0.11148460374888321,0.0011374325133204184,0.09229052223116639,0.0001400597391645363,0.005265509036064646,0.01566310177772667,0.48608469633574236,0.5139153036642576,0.05472723734375968,0.06022642499727252,0.06193146803247027,0.06567180022468531,0.06406627331994658,0.11474136126271964,0.11986165046396631,0.1464884811921885,0.07455601062684843,0.06658808578143015,0.09276672534432581,0.04899805685540822,0.029376424554978606,0.9520046396579366,0.047995360342063385,0.02862965947427371,0.02123824680090771,0.04865134214855999,0.04951775128670735,0.07050460476255677,0.11687320573625698,0.11491592913401734,0.1964302147841721,0.1390990691713223,0.21413997670122575,0.0985192484237414,0.12002235604926412,0.45033073934327983,0.3355292839554944,0.21854160447300552,0.2317891348702743,0.022206103066276267,0.3922697344172483,0.5412262156448203,0.38039930294479285,0.07837448141038683,0.8288587932452873,0.17114120675471264,0.42136456518085397,0.34090614228300326,0.20835286798116417
"New York County, New York",35723.0,23963.0,0.6708003247207681,1380309,1632480,423683,765564,203849,1891,194346,524,5961,36662,1632480,772144,860336,79897,62983,59051,68706,114772,366556,234534,203826,94082,90711,141583,76731,39048,37.3,22.656999999999996,0.066,1621687,1527908,1115716,551702,93779,758133,62522,42637,57335,46134,57126,89879,71877,106351,62992,161280,82459,152002,72832,89939,73418,67.08003247207682,2.188265706164853,84.55288885621877,72051.90448867898,2,162494,103260,427510,169343,265754,161756,45038,866916,986499,530202,115779,1375118,257362,751965,532442,309025,0.2595333480348917,0.46895765951190826,0.12487074879937274,0.0011583602861903362,0.11904954425169068,0.0003209840243065765,0.003651499558953249,0.022457855532686463,0.47298833676369695,0.527011663236303,0.04894210036263844,0.03858117710477311,0.03617257179261002,0.04208688620993825,0.07030530236205038,0.22453935117122414,0.1436673037341958,0.12485665980593944,0.05763133392139567,0.05556637753601882,0.08672878075075958,0.04700271978829756,0.02391943546015878,0.9421719481009591,0.05782805189904094,0.08246837955873178,0.0562394724936126,0.07562657211861243,0.06085211961489607,0.07535089489575048,0.11855307709860935,0.09480790309879665,0.14028013554349963,0.08308832355272755,0.21273312202476347,0.2143344241709568,0.13620301451064654,0.5638984188790094,0.22336845909622718,0.35053743868160336,0.21336098019740599,0.027588699402136627,0.5310423404880917,0.6042946927374302,0.3247831520141135,0.07092215524845634,0.8423490640007841,0.15765093599921592,0.46062738900323436,0.32615529746153094,0.18929787807507595
"Niagara County, New York",2041.0,90.0,0.04409603135717785,121943,211704,6054,181515,14890,2184,2263,75,368,4355,211704,103127,108577,11078,10904,12945,13069,13101,25881,23528,29830,16305,16663,21648,11123,5629,43.2,522.3530000000002,0.11800000000000001,209648,202132,152005,84909,7516,88211,5594,5031,9536,8673,12452,15648,11414,12723,4569,2571,54085,69983,29824,52595,40711,4.409603135717785,0.9640819257075918,57.600706647016594,405.28914354851975,1,20161,21125,68348,17292,41286,27062,6982,30189,110506,84446,16752,173304,38400,86978,69663,49434,0.028596531005554926,0.8573999546536674,0.07033405131693307,0.010316290669992064,0.01068945319880588,0.0003542682235574198,0.0017382760835884063,0.020571174847900844,0.48712825454408043,0.5128717454559196,0.052327778407587955,0.05150587612893474,0.061146695386010655,0.06173241884895892,0.06188357329101009,0.12225087858519443,0.11113630351811964,0.1409042814495711,0.07701791180138307,0.07870895212183047,0.10225598004761365,0.052540339341722406,0.02658901107206288,0.9641494314279173,0.03585056857208273,0.06341612724036685,0.057033703279636326,0.10810443142011768,0.09832107106823412,0.14116153314212512,0.17739284216254209,0.12939429322873564,0.14423371234880003,0.05179626123726066,0.029146024872181472,0.22855426194012085,0.23948260421035925,0.7748240015417578,0.1960299735860607,0.4680368661504801,0.3067871353912777,0.032980009825038736,0.1426000453463326,0.5219835241658164,0.3988871254203983,0.07912935041378528,0.8186146695386011,0.18138533046139893,0.4108472206476968,0.3290584967690738,0.23350527151116654
"Oneida County, New York",2681.0,127.0,0.0473703841850056,206811,230782,12892,190102,13748,430,9134,63,163,4250,230782,115089,115693,13161,13707,13704,15093,15838,28516,25448,31594,16735,15336,22639,12246,6765,41.2,1212.3310000000001,0.122,223217,213820,148972,99834,9397,90014,5779,5431,9667,9565,11517,17365,11767,11766,4114,3043,53844,70759,28548,48900,40004,4.7370384185005605,1.1617023858013191,89.61314140617554,190.36220306170515,1,20877,21082,71091,15880,41959,29132,4906,40680,125467,86304,19011,189132,41650,100019,73777,50221,0.05586224228926,0.8237297536202997,0.059571370384172075,0.0018632302345936858,0.03957847665762494,0.0002729848948358191,0.0007062942517180716,0.018415647667495733,0.4986914057422156,0.5013085942577844,0.05702784445927325,0.05939371354785035,0.059380714267143885,0.06539938123423837,0.06862753594301116,0.12356249620854312,0.11026856513939562,0.13689975821337885,0.07251432087424496,0.06645232297146225,0.09809690530457314,0.05306306384380064,0.029313377993084384,0.9579019519122648,0.042098048087735256,0.06420112426955807,0.06033505899082365,0.10739440531472882,0.10626124825027218,0.1279467638367365,0.19291443553225054,0.13072410958295377,0.1307130001999689,0.04570400159975115,0.03380585242295643,0.23193058857511054,0.2342080120870087,0.7897771457773235,0.17641700179972003,0.4661386006621192,0.3236385451152043,0.021258157048643308,0.17627024637970032,0.5436602507994558,0.37396330736365924,0.08237644183688503,0.8195266528585419,0.18047334714145818,0.43339168566006014,0.3196826442270194,0.21761229211983604
"Onondaga County, New York",5309.0,185.0,0.034846487097381806,333823,464242,22258,357879,50528,2274,17080,105,810,13308,464242,223995,240247,26583,27226,28145,34190,32440,61565,51694,63081,33947,30336,41656,21386,11993,39.0,778.387,0.1,459222,440428,340165,171533,18794,185624,12558,9080,17147,16962,23246,33045,23948,28866,11293,9479,59225,79427,32678,54729,45810,3.4846487097381806,1.1435845959650357,71.90710879239705,596.4154077598932,1,38785,40208,135986,40159,78993,56993,16497,106363,261843,169020,33379,389207,75035,210149,148722,93378,0.04794482188169102,0.7708888898462439,0.10883978614601868,0.004898307348322642,0.03679115633656584,0.0002261751414133146,0.0017447796623312841,0.028666083637413246,0.4824961981035753,0.5175038018964248,0.057261083658953736,0.05864613714398956,0.06062570814359752,0.07364693414210692,0.06987734845188501,0.1326140245820068,0.11135140724018938,0.1358795628142219,0.07312350024340754,0.06534522942775535,0.0897290637210765,0.04606649118347758,0.02583350924733221,0.9590742603795115,0.040925739620488566,0.06765288971253718,0.04891608843684006,0.09237490841701504,0.09137827005128647,0.12523165107960177,0.1780211610567599,0.129013489634961,0.15550790846011292,0.060838038184717495,0.051065594966168165,0.2089438865663923,0.21660992113088826,0.7325884583890014,0.21634594664483042,0.4255538076972805,0.3070346506917209,0.035535345789480484,0.22911111015375601,0.5640226433627289,0.3640773562064613,0.0719000004308098,0.8383709358481137,0.1616290641518863,0.4526712361225395,0.3203544702978188,0.20114078433230945
"Ontario County, New York",644.0,29.0,0.04503105590062112,65976,109472,5058,98548,2503,224,1455,37,219,1428,109472,53704,55768,5507,5890,6898,7426,7017,11845,11886,15906,8413,8114,12102,5708,2760,43.5,644.044,0.087,108574,104239,82573,39689,4335,44286,1802,1633,4030,4051,6177,7912,6321,7469,2354,2537,63359,84783,35121,53693,42401,4.503105590062113,0.5882782812043262,60.267465653317736,169.9759643751048,1,7465,10228,31926,9823,17693,14233,1908,10924,56469,44535,8468,88902,20570,44583,36205,25924,0.04620359543992984,0.9002119263373283,0.022864294066062555,0.0020461853259280912,0.013291069862613272,0.00033798596901490793,0.002000511546331482,0.01304443145279158,0.4905729318912599,0.5094270681087402,0.05030510084770535,0.05380371236480561,0.06301154633148202,0.06783469745688395,0.06409858228588132,0.10820118386436714,0.10857570885705933,0.14529742765273312,0.07685070154925461,0.07411940952937737,0.11054881613563286,0.05214118678748904,0.025211926337328265,0.9600733140530883,0.03992668594691178,0.04069006006412862,0.03687395565189902,0.09099941290701351,0.09147360339610712,0.13947974529196586,0.17865691189089103,0.14273133721717923,0.16865375062096374,0.053154495777446596,0.057286727182405274,0.16856342862304113,0.230953348688073,0.7209050264191844,0.22180824639841032,0.3995167773111141,0.3213882491080703,0.017429114294066062,0.09978807366267173,0.5158305320081847,0.40681635486699796,0.07735311312481731,0.8120980707395499,0.18790192926045016,0.4072548231511254,0.33072383805904704,0.23680941245249926
"Orange County, New York",13457.0,419.0,0.031136211637066213,209293,378227,75705,245605,37246,815,9913,120,1546,7277,378227,189484,188743,24852,26573,28230,28880,28774,43203,45245,54577,25389,22052,29805,14068,6579,36.9,812.321,0.083,369400,350053,265785,128838,19347,126776,5905,5003,9478,9309,13065,19300,16281,24772,12577,11086,76716,96483,33472,60290,50266,3.1136211637066213,3.5579162777908504,55.335288067747676,465.61273191263064,3,20386,22374,78341,37349,42760,35581,9758,132622,225757,131823,20647,327775,50452,180512,125211,65925,0.20015757732790096,0.6493587184415708,0.09847525427851528,0.002154790641598828,0.026209128380575687,0.0003172697877200729,0.004087492431793605,0.01923976871032475,0.5009795704695857,0.49902042953041426,0.06570657303682709,0.07025675057571247,0.07463771756114713,0.07635626224463087,0.07607600726547814,0.11422505532391923,0.1196239295449558,0.1442969433699868,0.06712635533687442,0.05830361132335873,0.0788018835249731,0.03719459478038321,0.017394316111752996,0.9476258798050894,0.05237412019491067,0.046578216697166656,0.03946330535748091,0.07476178456490187,0.0734287246797501,0.10305578342904019,0.15223701646999432,0.12842336088849624,0.19539976020697924,0.09920647441156055,0.0874455732946299,0.16080330661954945,0.1764845081087903,0.6179481920868303,0.2946062346185398,0.33728781472833974,0.2806603773584906,0.02579932157143726,0.3506412815584292,0.5968822955526708,0.34852879355519306,0.0545889108921362,0.8666092055828907,0.1333907944171093,0.47725836600771493,0.33104722825181704,0.17430008962871504
"Orleans County, New York",393.0,55.0,0.13994910941475827,19929,41175,1961,35622,2457,151,296,21,9,658,41175,20539,20636,2113,2323,2136,2523,2448,5491,4607,6296,3417,2877,4047,2118,779,43.2,391.26300000000003,0.135,38540,36413,25802,17120,2127,16333,812,849,1787,1837,2605,3536,1913,2133,536,325,51843,64365,25261,48363,38243,13.994910941475828,0.9544626593806924,48.400728597449906,105.23611995000807,1,3448,4442,13339,2669,7890,5449,839,5553,21641,16637,2897,34231,6944,17034,14320,9042,0.04762598664238008,0.8651366120218579,0.05967213114754098,0.0036672738312082576,0.00718882817243473,0.0005100182149362477,0.0002185792349726776,0.015980570734669096,0.4988221007893139,0.5011778992106861,0.051317547055251975,0.05641772920461445,0.05187613843351548,0.06127504553734062,0.059453551912568306,0.13335761991499698,0.1118882817243473,0.1529083181542198,0.08298724954462659,0.06987249544626593,0.09828779599271402,0.05143897996357013,0.018919247115968426,0.9448105864037364,0.05518941359626362,0.04971530031225127,0.051980652666380946,0.10941039613053327,0.11247168309557339,0.15949305087858937,0.21649421416763606,0.11712483928243433,0.1305945019286108,0.0328169962652299,0.01989836527276067,0.21110634910916548,0.27196473397416276,0.8166901365333986,0.16341149819384068,0.48307108308332825,0.3336190534500704,0.020376442015786277,0.13486338797814207,0.5255859137826351,0.4040558591378264,0.07035822707953855,0.8313539769277474,0.16864602307225257,0.4136976320582878,0.3477838494231937,0.2195992714025501
"Oswego County, New York",616.0,4.0,0.006493506493506494,64166,119104,2995,112214,1106,166,767,7,47,1802,119104,59648,59456,6521,7073,7165,9240,8956,14223,13043,17428,9240,7977,11018,5079,2141,40.0,951.6439999999999,0.095,118412,112456,77219,51421,5956,46032,3159,2357,4364,4716,6954,8699,6052,6649,1752,1330,53597,68539,27217,50835,38576,0.6493506493506493,0.5171950564212789,53.873925308973675,125.15604574819996,1,9880,11670,36301,8401,21550,14751,2022,6890,66221,45663,7220,100866,18238,53178,39711,24074,0.025146090811391724,0.9421513970983342,0.009286002149382053,0.0013937399247716282,0.006439750134336378,5.877216550241806e-05,0.00039461311123052125,0.015129634605051049,0.5008060182697475,0.49919398173025253,0.05475047017732402,0.059385075228371845,0.06015750940354648,0.07757925846319183,0.0751947877485223,0.11941664427727028,0.10950933637829124,0.14632590005373455,0.07757925846319183,0.06697508060182697,0.09250738850080602,0.0426434040838259,0.017975886620096724,0.949701043813127,0.05029895618687295,0.06862617309697602,0.05120351060132082,0.09480361487660757,0.1024504692387904,0.15106882168925964,0.18897723322905804,0.13147375738616615,0.14444299617657283,0.038060479666319084,0.02889294403892944,0.2146332985749044,0.25351929092805003,0.7886035801181787,0.1825034758428919,0.46815258950295446,0.3204509906152242,0.016976759806555615,0.05784860290166577,0.555993081676518,0.38338762761955936,0.06061929070392262,0.8468733207952713,0.15312667920472864,0.44648374529822676,0.33341449489521763,0.2021258731864589
"Otsego County, New York",390.0,4.0,0.010256410256410256,34827,60244,2175,54982,1071,49,816,5,121,1025,60244,29127,31117,2552,2675,2771,5692,6647,5817,5600,7530,4505,4434,6842,3686,1493,42.0,1001.727,0.076,59581,56178,42364,23845,3403,23556,1621,1223,2427,2468,3329,4763,2828,3183,1031,683,53121,68791,27680,44133,38640,1.0256410256410255,0.6473673726844167,57.8099063807184,60.14013798170559,1,5271,5797,18659,4214,11068,7591,1200,5262,31754,23311,5179,48223,12021,26154,17635,14962,0.036103180399707856,0.9126552021778103,0.01777770400371821,0.000813359006706062,0.013544917336166256,8.299581701082266e-05,0.002008498771661908,0.017014142487218643,0.48348383241484627,0.5165161675851537,0.04236106500232388,0.04440276210079012,0.04599628178739792,0.09448243808512051,0.11033463913418763,0.09655733351039107,0.09295531505212137,0.12499170041829892,0.07477923112675121,0.07360069052519753,0.11357147599760972,0.06118451630037846,0.024782550959431646,0.9428844765948876,0.05711552340511237,0.06881473934454067,0.051918831720156225,0.10303107488537952,0.10477160808286635,0.14132280523009,0.2021990151129224,0.12005433859738496,0.13512480896586856,0.043768042112412975,0.02899473594837833,0.22376464595007642,0.24609441331295637,0.7921124129733401,0.17889285107828154,0.4698590592630328,0.32225335371030733,0.019918996082597437,0.08734479782218976,0.5270898346723325,0.38694309806785737,0.08596706725981011,0.8004614567425802,0.19953854325741982,0.43413451962021116,0.2927262465971715,0.2483566828231857
"Putnam County, New York",1794.0,63.0,0.03511705685618729,59517,99070,14195,78745,2548,66,1995,24,241,1256,99070,49296,49774,4418,5263,6389,6529,6173,10422,11647,16845,7845,7486,9844,4502,1707,44.1,230.32,0.055999999999999994,98561,94015,80266,27059,4546,34847,654,741,1844,1835,2587,4916,4412,7615,4529,5714,102186,127975,45905,72344,58323,3.5117056856187285,1.810840819622489,60.075704047643086,430.14067384508513,1,3239,4422,16989,12144,7661,9328,1587,20325,50841,42020,6209,83017,16053,39194,36337,21832,0.14328252750580397,0.7948420308872515,0.025719188452609267,0.0006661956192591098,0.020137276673059454,0.0002422529524578581,0.0024326233975976584,0.01267790451196124,0.4975875643484405,0.5024124356515595,0.044594730998284045,0.05312405369940446,0.06448975471888564,0.06590289694155647,0.062309478146764914,0.10519834460482487,0.11756333905319472,0.17003129100635914,0.07918643383466235,0.07556273342081357,0.09936408599979812,0.045442616331886544,0.017230241243565154,0.9538762796643703,0.04612372033562971,0.01876775619135076,0.0212643843085488,0.05291703733463426,0.052658765460441355,0.0742388153930037,0.14107383705914425,0.12661061210434182,0.21852670244210406,0.12996814646884955,0.16397394323758144,0.09294917783453382,0.12689758085344505,0.487531207851465,0.3484948489109536,0.21984675868797887,0.2676844491634861,0.016018976481275867,0.20515796911274856,0.5131825981629151,0.42414454426163317,0.0626728575754517,0.8379630564247502,0.16203694357524984,0.3956192591097204,0.3667810638942162,0.22036943575249823
"Queens County, New York",76220.0,5137.0,0.06739700865914458,1483189,2298513,643563,581373,396320,5388,576353,799,44832,49885,2298513,1114654,1183859,144790,123406,124069,118190,141802,372909,320326,318272,156633,137460,189763,103751,47142,38.7,108.77799999999999,0.102,2283272,2042742,1321219,917002,240530,779234,45630,33236,67706,67074,90643,134092,101438,127283,61120,51012,64987,85330,30289,48816,46633,6.739700865914457,3.316056946382292,64.52819714310948,21130.311276177166,3,146572,157717,539819,188403,304289,235530,100904,1717140,1345492,802128,150893,1957857,340656,1025166,795231,430974,0.27999102028137324,0.2529343971515497,0.1724245196785922,0.002344124222921515,0.2507503764390282,0.0003476160456782276,0.019504784180032916,0.021703162000824013,0.4849457018515884,0.5150542981484116,0.06299290019242876,0.05368949403375139,0.05397794139080353,0.05142020079938638,0.061692929298202796,0.16223923902105405,0.13936227465322146,0.13846865342941284,0.06814536180565435,0.059803881901037755,0.08255902838052254,0.04513831333562177,0.020509781758902387,0.8946555644706369,0.10534443552936312,0.05855750647430682,0.04265214300197373,0.08688789246875778,0.08607683956295542,0.11632320971620848,0.17208181367856126,0.1301765580043992,0.16334374526778864,0.07843600253582364,0.06546428928922506,0.18809754194503833,0.20240004927916388,0.6927559629071627,0.24177974780361228,0.39049759122420225,0.30225837168296044,0.043899686449456674,0.7470656028484502,0.5853749793888483,0.3489769255166275,0.06564809509452416,0.8517928765249533,0.1482071234750467,0.44601270473562693,0.34597628988828866,0.18750122361718208
"Rensselaer County, New York",1080.0,42.0,0.03888888888888889,98880,159431,7650,133232,9399,81,4113,0,281,4675,159431,78611,80820,8479,8731,8858,11152,11129,21941,18554,22129,11599,11320,15092,6997,3450,39.9,652.455,0.08800000000000001,157677,150973,119360,55380,6704,64563,3267,2725,5127,5956,7780,11640,9127,11182,4465,3294,65851,82570,34280,54936,48651,3.888888888888889,0.677409035883862,62.020560618700245,244.35554942486453,1,11119,13736,45622,15647,24855,20767,5037,26199,88844,60140,10447,133892,25539,70290,52282,33409,0.04798314004177356,0.8356718580451732,0.058953403039559434,0.0005080567769128965,0.025797994116577076,0.0,0.001762517954475604,0.029323030025528284,0.4930722381469099,0.5069277618530901,0.05318288162277098,0.05476350270649999,0.05556008555425231,0.06994875526089657,0.06980449222547686,0.13762066348451682,0.11637636344249236,0.13879985699142575,0.07275247599274921,0.07100250265004923,0.0946616404588819,0.043887324297031315,0.0216394553129567,0.9574827019793629,0.042517298020637126,0.05060173783746109,0.042206836733113394,0.07941080804795317,0.09225097966327463,0.12050245496646686,0.1802890200269504,0.14136579774793612,0.17319517370630236,0.06915725725260598,0.05101993401793597,0.17221938261852765,0.2127534346297415,0.7066276350231557,0.24235243095890835,0.38497281724826915,0.3216548177748865,0.031593604756916784,0.16432814195482684,0.5572567442969059,0.3772164760931061,0.06552677960998803,0.8398115799311301,0.1601884200688699,0.4408803808544135,0.32792869642666733,0.20955146740596245
"Richmond County, New York",17048.0,761.0,0.04463866729235101,357803,474101,86976,292360,43906,595,40946,132,1026,8160,474101,229424,244677,27356,28745,29866,29314,30067,63250,60147,67646,33117,31268,43118,21406,8801,40.0,57.519,0.098,469981,446828,336817,157470,23153,166152,13395,6336,11416,10704,14540,22758,20844,31501,18179,16479,79267,98841,34987,67778,53862,4.463866729235101,3.5958582664875207,75.46978386461956,8242.511170222015,3,31147,25244,99993,49680,56391,43602,9913,181741,268745,175149,30207,400776,73325,208598,160910,95792,0.1834545803531315,0.616661850533958,0.09260895885054028,0.001255006844533127,0.0863655634558881,0.00027842168651827354,0.002164095836119308,0.017211522439311455,0.48391376521036655,0.5160862347896334,0.05770078527571129,0.06063054074975585,0.06299501582996028,0.06183070695906569,0.06341897612534038,0.13341039145667274,0.12686537256829242,0.1426826773198116,0.06985220448807322,0.06595219162161649,0.09094686575223423,0.04515071683038002,0.0185635550230858,0.950736306361321,0.04926369363867901,0.08061895132168136,0.03813375704174491,0.06870817083152776,0.0644229380326448,0.08751023159516587,0.1369709663440705,0.1254513939043767,0.1895914584236121,0.10941186383552409,0.09918026866965189,0.18746087919495402,0.15193316962781067,0.6018164090712119,0.29900332225913623,0.3393940488227647,0.26242236024844723,0.020909046806482163,0.38333814946604206,0.5668517889647986,0.36943393918173556,0.06371427185346583,0.8453388623942999,0.15466113760570005,0.4399864163965062,0.3394002543761772,0.20204977420423073
"Rockland County, New York",17685.0,512.0,0.028951088493073224,225139,323686,56383,204842,36781,382,19077,20,1215,4986,323686,158667,165019,25068,25410,24524,23601,21574,37212,35804,41687,21411,17750,27200,15112,7333,36.1,173.43599999999995,0.07400000000000001,321618,302011,208947,131836,19607,100005,3638,3244,7271,6399,8939,13196,11381,18193,11460,16284,91108,119472,38076,68626,57413,2.8951088493073223,5.4636283311604465,69.55475368103656,1866.313798749972,3,14153,15338,54068,29653,29491,24577,6603,118844,193193,108048,22445,274041,49645,157389,98902,60062,0.1741904191098781,0.6328417046149664,0.1136317295156417,0.0011801560771859147,0.05893674734155941,6.178827629245627e-05,0.0037536377847667184,0.015403817279709348,0.49018802172475795,0.509811978275242,0.0774454255049647,0.0785020050295657,0.07576478438980988,0.07291325543891303,0.06665101363667257,0.11496326686974413,0.11061337221875521,0.12878839369018122,0.06614743918488906,0.05483709520955494,0.08403205575774053,0.04668722156657996,0.022654671502629092,0.939036372342344,0.06096362765765598,0.036378181090945455,0.032438378081095946,0.07270636468176592,0.06398680065996701,0.08938553072346382,0.1319534023298835,0.11380430978451077,0.18192090395480226,0.11459427028648568,0.16283185840707964,0.1415229238538073,0.15337233138343082,0.5406529673516324,0.2965151742412879,0.29489525523723814,0.2457577121143943,0.020399399417954437,0.36715829538503364,0.5968531230884252,0.33380498384236573,0.06934189306920904,0.8466260511730505,0.15337394882694957,0.48623975086967,0.3055492050938255,0.1855563725338754
"Saratoga County, New York",1308.0,15.0,0.01146788990825688,133855,227377,7059,206104,3489,423,6453,21,313,3515,227377,112468,114909,11778,13349,12969,14488,13300,26831,28533,35002,17270,15120,23450,10870,4417,42.6,809.9960000000003,0.076,224396,216436,184834,66236,7960,93876,2888,2457,6036,6069,10005,16029,13909,19710,8826,7947,80839,100650,41709,68003,51573,1.146788990825688,0.5752560725139305,58.869190815253965,280.7137319196637,1,11381,16074,57393,28536,27455,29938,4272,21273,121248,90842,15287,188640,38737,92715,80805,49440,0.031045356390488044,0.9064417245367825,0.01534455991591058,0.0018603464730381702,0.028380179173795064,9.235762632104391e-05,0.0013765684304041306,0.015458907453260444,0.49463226271786503,0.5053677372821349,0.05179943441948834,0.05870866446474358,0.057037431226553255,0.06371796619710876,0.05849316333666114,0.11800226056285376,0.12548762627706408,0.15393817316615138,0.0759531526935442,0.06649749095115161,0.1031326827251657,0.04780606657665463,0.019425887402859568,0.9645269969161661,0.035473003083833936,0.030763986535429715,0.026172823724913717,0.06429758404704078,0.06464911159401764,0.10657676083343985,0.17074651668157995,0.1481635348757936,0.20995781669436278,0.0940176402914483,0.08465422472197366,0.12123439430738421,0.1712258724274575,0.6113703182922152,0.3039754569858111,0.2924602667348417,0.31891005155737356,0.01878817998302379,0.09355827546321747,0.5332465464844729,0.3995214995360129,0.0672319539795142,0.8296353632953201,0.17036463670467988,0.40775892020740884,0.35537895213675963,0.21743624025297192
"Schenectady County, New York",1546.0,48.0,0.03104786545924968,109760,154883,10707,113649,14824,319,6967,66,3064,5287,154883,75453,79430,9017,8893,9757,9883,10373,19968,18915,21250,11243,10069,13688,7303,4524,39.9,204.58,0.102,153101,145775,108669,58674,7326,53295,2687,2811,4842,4677,6347,9241,7403,9089,3613,2585,63785,80867,31412,53370,44689,3.104786545924968,0.9981728143179044,70.8663959246657,757.0779157297877,1,10340,11024,38008,12702,21364,16644,8736,41234,86806,56250,11827,129368,25515,67891,51408,31060,0.0691296010536986,0.7337732352808248,0.09571095601195741,0.002059619196425689,0.044982341509397415,0.00042612810960531496,0.019782674664101288,0.0341354441739894,0.4871612765765126,0.5128387234234874,0.05821813885319887,0.05741753452606161,0.06299593886998574,0.06380945617014133,0.06697313455963534,0.1289231226151353,0.12212444232097777,0.1372003383198931,0.07259027782261449,0.06501036266084723,0.08837638733753866,0.04715172097647902,0.02920914496749159,0.9521492348188451,0.04785076518115492,0.05041748756919036,0.0527441598649029,0.09085280045032366,0.08775682521812553,0.11909184726522187,0.1733933764893517,0.13890608875128999,0.1705413265784783,0.06779247584201145,0.048503611971104234,0.19401444788441694,0.2068486724833474,0.7131625856084061,0.23833380242048974,0.40086312036776434,0.3122994652406417,0.05640386614412169,0.2662267647191751,0.5604617679151359,0.36317736614089347,0.07636086594397061,0.8352627467184908,0.16473725328150926,0.43833732559415817,0.33191505846348535,0.2005384709748649
"Schoharie County, New York",109.0,2.0,0.01834862385321101,12518,31364,972,29308,472,49,271,0,1,291,31364,15620,15744,1350,1610,1609,2504,2081,3247,3238,4401,2636,2329,3770,1862,727,45.1,621.819,0.09699999999999999,31286,29976,22230,13339,1310,12559,619,768,1265,1304,1851,2340,1722,1753,565,372,53989,68583,28712,50991,40124,1.834862385321101,0.3475322025251881,39.912001020278026,50.43911491929324,1,2652,3155,9869,2318,5807,4062,341,2056,15639,13136,2589,25005,6359,12401,10275,7961,0.030990945032521363,0.9344471368447902,0.015049100879989797,0.0015623007269480933,0.008640479530672108,0.0,3.188368830506313e-05,0.00927815329677337,0.4980232113250861,0.5019767886749139,0.043042979211835225,0.05133273817115164,0.051300854482846575,0.07983675551587807,0.06634995536283637,0.10352633592653998,0.10323938273179441,0.14032011223058283,0.08404540237214642,0.07425711006249203,0.120201504910088,0.059367427624027545,0.023179441397780894,0.9581282362718149,0.04187176372818513,0.0492873636436022,0.06115136555458237,0.10072457998248269,0.10382992276455132,0.14738434588741142,0.18632056692411816,0.13711282745441516,0.13958117684529023,0.044987658253045626,0.029620192690500837,0.21116330918066725,0.2512142686519627,0.7858109722111634,0.18456883509833585,0.46237757783263,0.3234333943785333,0.010872337712026527,0.06555286315520979,0.4986290014028823,0.4188241295753093,0.08254686902180844,0.7972516260681035,0.20274837393189643,0.39538961867108785,0.32760489733452364,0.25382604259660757
"Schuyler County, New York",116.0,2.0,0.017241379310344827,12437,17992,313,17133,162,31,107,0,10,236,17992,8979,9013,915,922,978,1042,935,2043,1909,2694,1554,1396,2131,1103,370,46.2,328.343,0.09,17804,16813,11802,7811,991,7304,361,394,983,645,1156,1293,1168,984,221,99,51479,63289,26484,49426,36906,1.7241379310344829,0.6447309915518008,69.12516674077368,54.796356249409904,1,1738,1801,6000,1205,3539,2461,277,859,8744,7775,1473,14388,3604,6835,6157,4630,0.017396620720320142,0.9522565584704313,0.009004001778568253,0.0017229879946642952,0.005947087594486439,0.0,0.0005558025789239662,0.013116940862605602,0.49905513561582926,0.5009448643841707,0.05085593597154291,0.05124499777678968,0.054357492218763896,0.05791462872387728,0.05196754112939084,0.1135504668741663,0.10610271231658515,0.14973321476211648,0.08637172076478435,0.07759004001778569,0.1184415295686972,0.061305024455313474,0.02056469542018675,0.9443383509323747,0.05566164906762525,0.0494249726177437,0.05394304490690033,0.13458378970427162,0.08830777656078861,0.15826944140197152,0.177026286966046,0.15991237677984665,0.13472070098576122,0.03025739320920044,0.01355421686746988,0.23795180722891565,0.24657721796276014,0.8214676889375685,0.16497809419496168,0.4845290251916758,0.33693866374589265,0.015395731436193863,0.0477434415295687,0.48599377501111607,0.43213650511338375,0.08186971987550022,0.7996887505558026,0.20031124944419743,0.3798910626945309,0.342207647843486,0.2573365940417964
"Seneca County, New York",140.0,2.0,0.014285714285714284,18649,34612,1158,30873,1617,135,242,0,8,579,34612,18096,16516,1897,1651,2095,1919,2247,4669,3865,4784,2896,2267,3673,1890,759,42.2,323.709,0.11199999999999999,31836,28764,22115,12653,3072,13522,688,622,1529,1525,1786,2820,1961,1726,484,381,54695,69516,27366,50004,37389,1.4285714285714284,0.4044839939905235,53.88015717092338,106.92319336193928,1,2839,3311,10931,2210,6150,4781,722,3739,18343,13620,2649,28290,6322,14478,11545,7830,0.03345660464578759,0.8919738818906737,0.04671790130590547,0.0039003813706229053,0.006991794753264764,0.0,0.00023113371085172773,0.016728302322893795,0.5228244539466081,0.4771755460533919,0.05480758118571594,0.04770021957702531,0.0605281405292962,0.05544319889055819,0.06491968103547903,0.1348954119958396,0.11166647405524095,0.13821795908933318,0.08367040332832544,0.06549751531260835,0.1061192649947995,0.054605339188720674,0.021928810817057668,0.9035054655107425,0.09649453448925745,0.05088004733027659,0.04599911255731401,0.11307498890696642,0.11277917467830202,0.13208105309865403,0.20854903120840113,0.14502292560272148,0.12764383966868806,0.03579352166839225,0.028176305280283982,0.209954148794557,0.24486022777695607,0.8083863333826357,0.1634373613370803,0.4548143765715131,0.35357195681112263,0.020859817404368427,0.10802611810932625,0.5299607072691552,0.3935051427250664,0.07653415000577835,0.8173465849994221,0.18265341500057783,0.41829423321391423,0.3335548364728996,0.2262221194961285
"St. Lawrence County, New York",386.0,4.0,0.010362694300518135,81874,109558,2532,100770,2429,828,1125,68,154,1652,109558,55780,53778,5814,6218,6563,9808,9299,12857,11838,14315,7798,7164,10269,5197,2418,38.9,2679.2690000000002,0.102,105917,99649,73039,43408,6268,41669,2613,2995,5256,4566,5641,7683,5480,5030,1370,1035,49305,63127,24473,50806,39305,1.0362694300518136,0.35232479599846656,74.73119261030688,40.891004225406256,1,10864,10207,34234,6400,21071,13163,2702,8788,62397,39546,7615,91674,17884,50559,33951,22630,0.02311104620383724,0.9197867796053232,0.02217090490881542,0.0075576407017287645,0.010268533562131473,0.0006206758064221691,0.0014056481498384418,0.015078771061903284,0.5091367129739499,0.49086328702605014,0.05306778144909546,0.05675532594607423,0.059904342905127875,0.08952335749100933,0.08487741652823162,0.11735336534073276,0.10805235582978878,0.13066138483725515,0.0711769108600011,0.06539002172365323,0.09373117435513609,0.04743606126435313,0.02207050146954125,0.9408215867141252,0.05917841328587479,0.06270848832465382,0.07187597494540306,0.12613693633156542,0.10957786363963617,0.13537641892054045,0.18438167462622093,0.13151263529242363,0.12071324005855671,0.03287815882310591,0.024838609037893877,0.26072139960162233,0.24495428256017662,0.8215699920804435,0.15359139888166262,0.5056756821617989,0.31589430991864453,0.02466273571989266,0.08021322039467679,0.5695339454900601,0.3609594917760456,0.06950656273389437,0.8367622629109696,0.16323773708903047,0.46148158966027125,0.30989065152704504,0.20655725734314245
"Steuben County, New York",962.0,69.0,0.07172557172557173,48976,96927,1571,90861,1472,102,1484,12,117,1308,96927,48397,48530,5413,6000,5906,6073,5466,11105,11141,13399,7743,6792,10163,5510,2216,42.6,1390.549,0.113,95781,90203,63935,41866,5578,40183,2398,2366,4407,4563,5780,7885,5076,5068,1471,1169,51789,68301,28600,48709,40110,7.172557172557172,0.9924995099404708,50.52874843954729,69.70412405460002,1,9171,10343,32475,6539,19514,12961,1539,6066,51104,38097,7726,79038,17889,39963,32283,22465,0.016208074117634922,0.9374168188430468,0.015186686888070403,0.0010523383577331394,0.015310491400744891,0.000123804512674487,0.0012070939985762482,0.013494691881519081,0.4993139166589289,0.5006860833410711,0.0558461522589165,0.06190225633724349,0.06093245432129334,0.06265540045601328,0.05639295552322882,0.11457075943751482,0.1149421729755383,0.1382380554437876,0.07988486180321273,0.07007335417375964,0.1048521051925676,0.056846905403035275,0.022862566673888595,0.9417629801317589,0.05823701986824109,0.059676977826444016,0.05888062115820123,0.10967324490456164,0.11355548366224523,0.1438419232013538,0.1962272602841998,0.12632207650001245,0.12612298733295174,0.03660752059328572,0.029091904536744394,0.2282308438892069,0.257397406863599,0.8081775875370182,0.16273050792623747,0.4856282507528059,0.3225493367842122,0.015877928750502954,0.06258318115695317,0.5272421513097486,0.39304837661332753,0.07970947207692387,0.8154384227305085,0.18456157726949146,0.4122999783342103,0.3330650902225386,0.2317723647693625
"Suffolk County, New York",48663.0,2019.0,0.04148942728561741,1034857,1487901,281315,1013391,108250,2145,56714,305,6011,19770,1487901,732269,755632,80227,85048,95973,99916,97917,172284,179030,231671,110693,96003,135037,71937,32165,41.3,911.7769999999999,0.077,1474764,1395088,1152258,439865,79676,487981,16865,12132,26774,27481,39863,66832,61792,99675,62648,73919,96675,123111,42204,68738,53560,4.1489427285617415,3.2705805023318084,69.55146881412136,1631.8694154382047,3,55771,67344,251739,162323,123115,128624,28231,474510,810395,573404,104102,1248762,239139,631365,521394,302977,0.18906835871472633,0.681087653009172,0.07275349636837397,0.0014416281728421448,0.03811678330749156,0.0002049867565113539,0.004039919322589339,0.013287174348293334,0.49214900722561516,0.5078509927743848,0.05391958201520128,0.0571597169435332,0.06450227535299728,0.067152317257667,0.06580881389285981,0.11578996183213802,0.12032386563353341,0.15570323563194058,0.0743954066836436,0.06452243798478528,0.09075671029188098,0.048347974764450054,0.021617701715369503,0.9459737286779444,0.0540262713220556,0.034560771833329576,0.024861623710759232,0.054866890309253846,0.05631571721030122,0.08168965594971936,0.13695615198132713,0.12662788100356367,0.2042600019263045,0.12838204766169176,0.1514792584137497,0.11428928585334265,0.13800537316002057,0.515878691998254,0.33264204958799626,0.25229465901336323,0.2635840329848908,0.018973708600236172,0.31891234699082804,0.54465653292793,0.3853777905922504,0.06996567647981956,0.8392776132282994,0.16072238677170053,0.4243326672943966,0.35042250794911756,0.2036271230411163
"Sullivan County, New York",1743.0,37.0,0.021227768215720026,36505,75211,11836,54110,5706,133,1176,0,323,1927,75211,38595,36616,4229,4274,4657,4698,4252,8917,8416,11044,6047,5125,8372,4029,1151,42.9,968.137,0.096,73075,68586,47405,33113,4489,27890,1695,1487,2982,2975,3728,4786,3815,3655,1620,1147,56256,74996,29292,50158,40738,2.1227768215720024,2.31748015582827,48.53678318331096,77.6863191882967,2,6164,6703,21468,5275,12867,8601,2383,21101,39443,30588,5180,61659,13552,31027,25507,17526,0.15737059738602066,0.7194426347209849,0.07586656207203733,0.0017683583518368323,0.015636010689925674,0.0,0.004294584568746593,0.02562125221044794,0.5131563202191168,0.4868436797808831,0.0562284772174283,0.05682679395301219,0.06191913416920397,0.062464267194958185,0.05653428354894896,0.11855978513781229,0.11189852548164497,0.14684022283974418,0.08040047333501749,0.06814162821927644,0.1113135046735185,0.053569291725944344,0.015303612503490181,0.9385699623674307,0.06143003763256928,0.0607744711366081,0.053316600932233775,0.10692004302617425,0.10666905700968089,0.13366798135532448,0.1716027249910362,0.1367873789888849,0.1310505557547508,0.058085335245607744,0.04112585155969882,0.22101111509501614,0.2403370383650054,0.7697382574399426,0.18913589100035855,0.4613481534600215,0.3083901039799211,0.031684195131031365,0.28055736527901504,0.5244312667030089,0.4066958290675566,0.06887290422943453,0.819813591097047,0.18018640890295304,0.4125327412213639,0.33913922165640664,0.2330244246187393
"Tioga County, New York",572.0,25.0,0.04370629370629369,29444,49045,927,46642,292,82,346,0,28,728,49045,24264,24781,2582,2792,3142,2968,2822,5168,5517,6911,4464,3244,5290,2928,1217,44.0,518.61,0.096,48665,46526,35084,19244,2139,20045,821,1201,1921,2084,2229,3785,2790,3357,1085,772,60736,76161,31330,52479,42377,4.370629370629368,1.1662758690998063,60.03466204506066,94.57010084649349,1,3943,4313,14831,4442,8256,6575,838,2403,24991,19909,4145,39610,9435,19474,16892,11462,0.018901009277194413,0.9510041798348455,0.005953715975124885,0.0016719339382200021,0.007054745641757569,0.0,0.0005709042715873177,0.014843511061270262,0.4947293302069528,0.5052706697930472,0.05264552961565909,0.05692731165256397,0.06406361504740544,0.060515852788255685,0.057538994800693244,0.10537261698440208,0.11248853094097258,0.1409114078907126,0.09101845244163523,0.06614333775104496,0.1078601284534611,0.05970027525741666,0.024813946375777347,0.9560464399465736,0.04395356005342649,0.04095784484908955,0.05991519082065353,0.0958343726615116,0.10396607632826141,0.11119980044898978,0.1888251434272886,0.13918682963332502,0.16747318533300073,0.05412821152407084,0.03851334497380893,0.1967074083312547,0.21516587677725119,0.7398852581691194,0.2216013968570716,0.41187328510850585,0.32801197306061364,0.01708634927107758,0.04899582016515445,0.5095524518299521,0.40593332653685393,0.08451422163319401,0.8076256499133448,0.1923743500866551,0.3970639208889795,0.3444183912733204,0.23370374146192271
"Tompkins County, New York",603.0,0.0,0.0,403145,102962,5156,79657,3808,150,10332,31,365,3463,102962,50823,52139,4254,4152,4219,12860,17695,13114,10452,10747,5836,6072,8205,3344,2012,30.9,474.64099999999996,0.065,102106,98366,81353,29214,3740,39326,3934,1926,3144,3853,4216,7038,4836,5307,2306,2766,58743,80256,31464,54171,47970,0.0,0.5856529593442241,391.5473669897632,216.92605569261818,1,9004,8069,28947,7613,17073,11874,4009,23305,66746,30860,5356,89401,13561,56294,27035,17621,0.05007672733629883,0.7736543579184554,0.036984518560245525,0.0014568481575726968,0.10034770109360736,0.000301081952565024,0.0035449971834268955,0.033633767797828326,0.4936092927487811,0.5063907072512189,0.04131621374876168,0.04032555700161224,0.04097628251199471,0.12490044870923253,0.1718595209883258,0.12736737825605562,0.10151317961966551,0.10437831432955848,0.05668110565062839,0.058973213418542766,0.07968959421922651,0.03247800159282065,0.019541189953575105,0.9633713983507336,0.03662860164926645,0.10003559985760056,0.04897523267049789,0.07994710878299344,0.09797589381071047,0.10720642831714387,0.17896556985200632,0.12297207954025327,0.13494888877587347,0.05863805116208107,0.07033514723083965,0.2289579413110919,0.20518232212785434,0.7360779128312058,0.19358693993795453,0.43414026343894624,0.3019376493922596,0.03893669509139294,0.22634564208154465,0.6482585808356481,0.29972222761795614,0.052019191546395754,0.8682912142343777,0.13170878576562225,0.5467454012159826,0.26257259959985235,0.1711408092305899
"Ulster County, New York",2471.0,84.0,0.0339943342776204,115675,179303,17976,142515,9614,130,3389,131,490,5058,179303,88774,90529,7950,8819,9595,11075,11932,21959,20768,26409,14550,12911,19683,9557,4095,43.7,1124.236,0.079,175004,164765,122163,68267,10239,69539,3459,3748,6384,6343,8142,12492,8659,11088,4826,4398,63348,84423,33879,54182,44973,3.3994334277620397,1.3781141419831235,64.5137002727227,159.48875503008261,1,13591,14485,49227,15914,28076,21151,5809,36788,92098,73553,13652,145968,33335,71330,61727,42151,0.10025487582472128,0.7948277496751309,0.0536187347674049,0.000725029698331874,0.018900966520359393,0.0007306068498575038,0.002732804247558602,0.02820923241663553,0.49510604953625986,0.5048939504637402,0.04433835462875691,0.049184899304529205,0.05351276888841793,0.061766953146350036,0.06654657200381477,0.12246867035130478,0.11582628288427968,0.14728699464035738,0.08114755469791358,0.07200660334740634,0.10977507347897135,0.053300837130444,0.02283843549745403,0.941492765879637,0.05850723412036296,0.04974187146780943,0.0538978127381757,0.09180459885819468,0.09121500165374825,0.11708537655128777,0.17964020190109148,0.12452005349516099,0.15945009275370656,0.06939990508923051,0.06324508549159465,0.19544428306417982,0.20830037820503602,0.7079049166654683,0.22884999784293705,0.4037446612692158,0.30416025539625247,0.03239767321238351,0.20517225032486908,0.5136445012074533,0.41021622616464865,0.07613927262789803,0.8140856538931306,0.18591434610686938,0.3978182183231736,0.34426083222255066,0.2350825139568217
"Warren County, New York",450.0,30.0,0.06666666666666668,37703,64480,1589,60623,816,166,671,32,24,559,64480,31698,32782,2836,3343,3424,3534,3553,7430,6963,9562,5117,5225,7908,3750,1835,46.4,867.245,0.075,63886,60663,46887,25852,3223,27553,1241,1298,2584,2641,3707,5239,3809,4527,1369,1138,59813,77328,33605,51303,42475,6.666666666666668,0.6978908188585607,58.47239454094293,74.35038541588594,1,5123,6348,20519,5896,11471,9048,781,3857,31083,27812,5585,50987,13493,24120,21642,16883,0.024643300248138957,0.9401830024813895,0.012655086848635236,0.002574441687344913,0.010406327543424318,0.0004962779156327543,0.00037220843672456576,0.008669354838709677,0.4915942928039702,0.5084057071960297,0.043982630272952856,0.051845533498759304,0.05310173697270471,0.05480769230769231,0.05510235732009926,0.11522952853598015,0.10798697270471463,0.14829404466501242,0.07935794044665012,0.08103287841191067,0.12264267990074441,0.0581575682382134,0.028458436724565758,0.9495507622953385,0.05044923770466143,0.045040467462708234,0.047109207708779445,0.0937828911552281,0.09585163140129932,0.13454070337168367,0.19014263419591332,0.1382426596014953,0.16430152796428701,0.04968605959423656,0.04130221754436903,0.1859325663267158,0.230392334772983,0.7447101948971074,0.21398758755852357,0.4163249010996988,0.3283852937974086,0.012112282878411911,0.05981699751861042,0.4820564516129032,0.4313275434243176,0.08661600496277916,0.7907413151364764,0.2092586848635236,0.3740694789081886,0.33563895781637715,0.2618331265508685
"Washington County, New York",332.0,14.0,0.04216867469879519,33683,61828,1642,57178,1706,180,347,0,48,727,61828,32002,29826,2935,3561,3233,3496,3764,7291,7476,9338,5001,4445,6562,3524,1202,44.0,831.1669999999997,0.11699999999999999,58820,55035,39673,25368,3785,24009,1161,1404,2482,2329,3691,4745,3372,3143,1087,595,54114,67967,27156,48394,38977,4.216867469879518,0.5369735394966682,54.47855340622372,74.38697638380738,1,5047,6020,19184,4230,11067,8117,955,4650,31756,25346,4726,50540,11288,24280,21815,14531,0.02655754674257618,0.9247913566668823,0.027592676457268553,0.002911302322572297,0.005612343921847706,0.0,0.0007763472860192793,0.011758426602833667,0.5175972051497704,0.4824027948502297,0.04747040175972052,0.05759526428155528,0.05229022449375687,0.05654396066507084,0.06087856634534515,0.11792391796597011,0.12091608979750275,0.15103189493433397,0.08088568286213366,0.07189299346574368,0.1061331435595523,0.05699682991524876,0.01944102995406612,0.9356511390683441,0.0643488609316559,0.0483568661751843,0.058478070723478694,0.10337789995418385,0.09700528968303553,0.15373401641051274,0.19763422050064558,0.1404473322504061,0.13090924236744553,0.04527468865841976,0.02478237327668791,0.21021283685284686,0.2507393060935483,0.7990336956974468,0.1761839310258653,0.4609521429463951,0.3380815527510517,0.015446076211425245,0.07520864333311768,0.5136184253089215,0.4099437148217636,0.07643785986931487,0.8174289965711328,0.18257100342886717,0.39270233551141875,0.3528336675939704,0.23502296694054473
"Wayne County, New York",448.0,3.0,0.006696428571428571,55940,90856,3878,81906,2594,117,594,78,44,1645,90856,44971,45885,4982,5304,5851,5575,5316,9861,10149,13716,7382,6617,9616,4475,2012,43.6,603.8290000000002,0.11,89965,85442,64583,34488,4523,36504,1638,1825,3140,4105,5302,7732,5085,5085,1589,1003,55765,70895,29028,49336,37298,0.6696428571428571,0.4930879633706084,61.56995685480321,150.46644000205353,1,6603,9407,28827,6674,16010,12817,1884,8950,47038,37331,6487,74753,16103,36889,31247,20708,0.042682926829268296,0.9014924716034164,0.028550673593378532,0.0012877520471955622,0.006537818085762085,0.0008585013647970414,0.00048428282116756184,0.01810557365501453,0.49497006251650966,0.5050299374834903,0.05483402306947257,0.05837809280619882,0.06439860878753192,0.06136083472748085,0.058510169939244516,0.1085343840803029,0.11170423527339966,0.1509641630712336,0.0812494496786123,0.07282953244694902,0.10583780928061988,0.049253764198291805,0.022144932640662147,0.9497248930139499,0.05027510698605013,0.04487179487179487,0.049994521148367305,0.08601797063335524,0.11245342976112208,0.14524435678281833,0.21181240412009641,0.1392998027613412,0.1392998027613412,0.043529476221783915,0.0274764409379794,0.1808842866535174,0.2576977865439404,0.7896942800788954,0.18282927898312515,0.4385820731974578,0.3511122068814376,0.020736109888174693,0.09850752839658361,0.5177203486836313,0.4108809544774148,0.07139869683895395,0.8227634938804261,0.17723650611957384,0.4060161134102316,0.3439178480232456,0.2279211059258607
"Westchester County, New York",40131.0,1471.0,0.03665495502230196,815163,968815,235243,523474,130640,1464,56806,182,4203,16803,968815,468898,499917,54910,58160,64049,65700,60038,110298,123911,143584,69516,59747,84519,48318,26065,40.8,430.56800000000004,0.067,956399,891687,713132,294884,64712,347332,16308,11298,23046,22133,29162,45739,34986,57254,34655,72751,92758,148770,54572,77599,61498,3.665495502230196,4.142276905291515,84.14021252767556,2250.085933000131,3,50652,51295,182672,91909,101947,80725,22652,445341,537066,357366,74383,809913,158902,413155,337011,192584,0.24281519175487581,0.5403240040668239,0.13484514587408328,0.0015111244148779694,0.05863451742592755,0.00018785836305176942,0.004338289559926302,0.017343868540433415,0.4839912676826845,0.5160087323173155,0.05667748744600362,0.06003210107192808,0.06611066096210319,0.0678148046840728,0.06197055165330842,0.11384836114222013,0.1278995473852077,0.1482057978045344,0.07175363717531211,0.06167018471018719,0.08723956586138737,0.049873298823820855,0.026904001279914123,0.9323378631721698,0.06766213682783022,0.04695219559384105,0.03252795596144323,0.06635150230902997,0.06372289337003213,0.08396001520159387,0.13168668593737404,0.10072783388803795,0.16483940437391315,0.09977485518178572,0.20945665818294887,0.14583165386431426,0.147682908571626,0.5259290822613523,0.2646142595556989,0.29351456243594026,0.232414519825412,0.023381140878289457,0.4596759959331761,0.5543535143448439,0.36886918555142106,0.07677730010373497,0.8359831340348777,0.16401686596512233,0.4264539669596363,0.3478589823650542,0.1987830493953954
"Wyoming County, New York",182.0,5.0,0.027472527472527472,24545,40565,1320,36471,1710,219,155,0,0,690,40565,21734,18831,2071,2176,2336,2320,2518,5519,4764,6132,3059,2916,4077,1938,739,41.9,592.75,0.1,37721,36145,27655,14615,1576,15815,726,747,1609,1457,2186,3451,2574,2258,530,277,57914,68774,27150,49035,38338,2.7472527472527477,0.448662640207075,60.50782694441021,68.43525938422607,1,3082,3643,12750,2788,6725,6025,909,4094,21704,16184,2677,33811,6754,16940,13955,8931,0.03254036731172193,0.8990755577468261,0.04215456674473068,0.005398742758535684,0.0038210279797855295,0.0,0.0,0.0170097374584001,0.5357820781461852,0.4642179218538149,0.05105386416861827,0.05364230247750524,0.05758658942438062,0.05719216072969308,0.062073215826451374,0.1360532478737828,0.1174411438432146,0.15116479723899914,0.07540983606557378,0.07188462960680389,0.10050536176506841,0.047775175644028105,0.018217675335880687,0.9582195593966226,0.041780440603377426,0.0459057856465381,0.04723363895036358,0.10173885551691432,0.09212772684160607,0.13822320581726208,0.2182105595953209,0.16275687638318054,0.1427758457160923,0.03351248814416693,0.017515017388555168,0.194878280113816,0.23035093265886816,0.8061966487511856,0.17628833386025924,0.42522921277268416,0.3809674359785014,0.022408480216935783,0.10092444225317392,0.535042524343646,0.3989646246764452,0.06599285097990878,0.8335017872550228,0.1664982127449772,0.4176013805004314,0.3440157771477875,0.22016516701590041
"Yates County, New York",112.0,6.0,0.05357142857142857,12413,25009,549,23686,207,16,189,7,55,300,25009,11999,13010,1511,1479,1650,1831,1941,2590,2376,2993,1902,1861,2825,1512,538,41.3,338.14300000000014,0.113,24671,20029,14522,9081,4642,9029,495,421,1056,981,1307,1547,1214,1236,472,300,54343,72404,27512,44844,35713,5.357142857142857,0.4478387780399056,49.63413171258347,73.95983356154049,1,1972,2288,7021,1708,4260,2761,378,1323,13378,9581,2050,20134,4875,11002,7271,6198,0.0219520972449918,0.9470990443440361,0.008277020272701828,0.0006397696829141509,0.007557279379423408,0.00027989923627494103,0.0021992082850173936,0.01199568155464033,0.479787276580431,0.5202127234195689,0.06041824943020513,0.05913871006437683,0.06597624855052181,0.07321364308848814,0.07761205965852293,0.10356271742172818,0.0950057979127514,0.11967691631012835,0.07605262105641969,0.07441321124395217,0.11295933463952977,0.06045823503538726,0.021512255587988326,0.8118438652669125,0.18815613473308743,0.054823346993022486,0.046627533503156494,0.11695647358511463,0.10864990585889911,0.14475578690884927,0.17133680363273895,0.134455642928342,0.1368922361280319,0.052275999556983054,0.03322627090486211,0.2184073540812936,0.2534056927677484,0.777605493410123,0.18916823568501495,0.47181304684904196,0.30579244656108096,0.015114558758846815,0.05290095565596385,0.5349274261265944,0.38310208325003,0.08197049062337558,0.8050701747370946,0.19492982526290537,0.439921628213843,0.29073533527929946,0.2478307809188692
