county_name,total_cases,total_fatalities,death_rate,race_pop,race_pop_hispanic_or_latino_of_any_race,race_pop_white_alone,race_pop_black_or_african_american_alone,race_pop_american_indian_and_alaska_native_alone,race_pop_asian_alone,race_pop_native_hawaiian_and_other_pacific_islander_alone,race_pop_some_other_race_alone,race_pop_two_or_more_races,sex_age_pop,sex_age_pop_male,sex_age_pop_female,sex_age_pop_under_5,sex_age_pop_5_to_9,sex_age_pop_10_to_14,sex_age_pop_15_to_19,sex_age_pop_20_to_24,sex_age_pop_25_to_34,sex_age_pop_35_to_44,sex_age_pop_45_to_54,sex_age_pop_55_to_59,sex_age_pop_60_to_64,sex_age_pop_65_to_74,sex_age_pop_75_to_84,sex_age_pop_85_and_over,sex_age_median_age_in_years,sq_mi,health_ins_noninst_pop,health_ins_noninst_pop_cov_yes,health_ins_noninst_pop_private,health_ins_noninst_pop_public,health_ins_noninst_pop_cov_no,inc_hhlds,inc_hhlds_less_than_10_000,inc_hhlds_10_000_to_14_999,inc_hhlds_15_000_to_24_999,inc_hhlds_25_000_to_34_999,inc_hhlds_35_000_to_49_999,inc_hhlds_50_000_to_74_999,inc_hhlds_75_000_to_99_999,inc_hhlds_100_000_to_149_999,inc_hhlds_150_000_to_199_999,inc_hhlds_200_000_or_more,inc_med_hhld_inc_dol,inc_mean_hhld_inc_dol,inc_per_capita_inc_dol,inc_med_earn_workers_dol,inc_med_earn_male_full_yr_workers_dol,inc_med_earn_female_full_yr_workers_dol,pop_density
Anderson,2922.0,39,0.013347022587268994,57863,10142,34312,12127,158,319,9,15,781,57863,35412,22451,2991,2985,3276,3040,3562,8821,9905,8259,3227,3598,4859,2481,859,39.1,1062.63,44353,38116,27169,16504,6237,16459,969,1221,2263,2150,2671,3246,1845,1432,422,240,43355,55852,16868,26621,36865,26890,54.45263167800645
Andrews,567.0,10,0.01763668430335097,17818,9979,7215,321,0,63,21,0,219,17818,9102,8716,1551,1634,1449,1461,1113,2680,2193,2134,899,861,1043,563,237,31.2,1500.721,17725,14496,11313,4332,3229,5508,302,171,291,525,686,841,728,1214,398,352,74233,94962,31190,40478,72970,35194,11.872959730689447
Angelina,2277.0,90,0.039525691699604744,87607,19174,53216,12834,107,987,5,163,1121,87607,42659,44948,6011,6477,6320,6025,5531,11212,10568,11220,5567,5049,7768,3918,1941,37.2,797.7819999999997,85457,69027,46576,31836,16430,30783,2572,1674,4093,3682,4071,5797,4013,3257,985,639,47714,61152,22322,27411,41488,32622,109.81320711673115
Aransas,340.0,18,0.052941176470588235,24763,6756,16691,365,14,488,0,33,416,24763,12026,12737,1207,1244,1379,1351,1446,2010,2483,3240,1820,2002,3829,2119,633,49.6,252.049,24388,19385,13508,10606,5003,9432,836,526,1162,1141,1409,1443,896,1047,476,496,44865,75471,30939,21567,43182,32005,98.24676947736351
Archer,133.0,1,0.007518796992481203,8789,727,7772,76,27,47,0,0,140,8789,4326,4463,430,448,638,563,529,881,976,1282,656,692,908,589,197,44.5,903.289,8723,7727,6429,2718,996,3332,125,199,289,393,345,550,462,626,198,145,64476,80073,31806,32469,49105,37377,9.72999781908116
Armstrong,21.0,1,0.047619047619047616,1916,131,1737,7,29,0,0,0,12,1916,960,956,121,94,106,100,82,197,206,271,209,130,232,111,57,46.3,909.1089999999999,1853,1712,1378,585,141,708,16,37,38,60,67,195,94,128,52,21,66563,79808,31075,37292,55250,40625,2.1075580595946137
Atascosa,1265.0,35,0.02766798418972332,48828,31200,16541,124,29,152,0,12,770,48828,24398,24430,3584,3628,4029,3633,3038,6308,6070,5901,2874,2842,4094,2090,737,35.4,1219.5410000000004,48397,40732,30168,15883,7665,15387,1014,484,1771,1676,1941,3068,1887,2088,836,622,55265,73390,24421,27043,46273,29942,40.03801430210217
Austin,509.0,9,0.01768172888015717,29565,7819,18525,2576,48,89,0,52,456,29565,14684,14881,1780,1960,2118,1861,1712,3339,3275,3821,2327,1978,3243,1532,619,40.7,646.492,29298,25749,20393,8863,3549,11041,482,459,1255,927,1186,1851,1651,2150,551,529,65365,80769,30858,33993,55417,38603,45.7314243641066
Bailey,264.0,5,0.01893939393939394,7092,4558,2346,46,72,70,0,0,0,7092,3640,3452,491,655,408,550,581,940,926,715,366,460,494,416,90,33.5,826.972,6895,5474,3638,2624,1421,2111,119,109,174,393,381,322,251,201,110,51,46485,62434,21449,28543,40411,28184,8.575864720933719
Bandera,184.0,8,0.043478260869565216,21763,4010,17032,172,88,59,0,17,385,21763,11032,10731,864,880,1252,1033,1056,1924,2087,2925,1873,2236,3472,1713,448,52.1,790.995,21584,17769,13852,8464,3815,8242,436,453,810,670,1382,1670,1022,1073,337,389,53683,70305,28539,27075,47575,37390,27.513448251885286
Bastrop,1949.0,31,0.01590559261159569,82577,30389,43757,6097,358,704,0,434,838,82577,42014,40563,5457,5301,6600,5916,4875,9376,10342,11192,5920,5873,7595,2948,1182,38.6,888.178,80461,67320,52501,25824,13141,25345,1363,986,2046,2380,3185,4692,3442,4312,1942,997,62941,78710,26540,32184,46446,37013,92.97348054106271
Baylor,43.0,2,0.046511627906976744,3591,370,3050,112,0,0,0,0,59,3591,1752,1839,178,264,208,176,236,272,354,467,348,216,438,335,99,47.3,867.4810000000001,3517,3058,2385,1282,459,1474,78,144,156,249,221,177,202,161,25,61,40750,60098,25264,28344,41719,34821,4.139571932987581
Bee,1845.0,39,0.02113821138211382,32691,19152,10392,2535,186,141,4,13,268,32691,19911,12780,1924,1870,1998,1938,2720,5676,4790,4387,2031,1478,2223,1157,499,35.4,880.2389999999997,25061,20059,13592,9245,5002,8537,1002,575,1104,924,1411,1469,668,827,286,271,42032,60273,17390,23636,46326,28808,37.13877708213338
Bell,6158.0,96,0.015589477102955504,342236,83630,158804,72677,1066,9767,2156,286,13850,342236,170918,171318,29639,26525,24832,23615,30780,58312,43827,37066,17650,14791,21108,9933,4158,30.8,1051.289,321558,283732,225691,101779,37826,120241,7726,4839,11280,12748,18108,25214,16573,15605,4389,3759,54184,69605,25911,30068,42257,35690,325.5394092395145
Bexar,51876.0,1386,0.026717557251908396,1925865,1155505,539435,136411,2863,52513,1589,2655,34894,1925865,950030,975835,138622,138871,139171,139336,145695,305358,258061,234677,108990,93279,132567,65095,26143,33.4,1240.215,1895810,1608911,1205586,592223,286899,632574,45419,29186,62202,63892,84130,118346,79146,87038,31270,31945,55456,76006,26988,30196,43005,37258,1552.8476917308694
Blanco,153.0,6,0.0392156862745098,11279,2173,8712,2,0,165,39,0,188,11279,5781,5498,461,572,605,685,493,854,1266,1565,1075,1006,1706,779,212,49.9,709.25,11176,9163,7531,3669,2013,4297,167,151,401,353,657,851,465,699,268,285,63071,85285,34925,29346,47961,34068,15.902714134649276
Borden,2.0,0,0.0,665,56,595,0,0,0,0,0,14,665,346,319,90,17,30,42,23,90,61,58,43,38,105,49,19,42.5,897.443,665,634,526,226,31,261,7,10,10,16,25,49,45,80,10,9,81985,85046,33781,48405,54375,41094,0.7409941355606986
Bosque,385.0,10,0.025974025974025976,18122,3263,14167,280,59,92,0,0,261,18122,8935,9187,970,929,1294,1065,875,1725,1833,2292,1430,1281,2525,1377,526,46.7,982.9810000000001,17776,14594,10791,6652,3182,7088,326,336,858,802,1144,1428,883,879,223,209,50882,65377,26039,27515,42188,35702,18.435758168265714
Bowie,1730.0,72,0.04161849710982659,93858,7098,60017,22765,822,997,17,49,2093,93858,47275,46583,6060,6076,6476,5542,6215,12531,12537,11786,6160,5483,8611,4656,1725,38.1,885.002,88388,75530,54941,31804,12858,33731,3254,2119,3718,3703,4815,5944,3927,3732,1289,1230,47505,67304,25355,30728,46748,31783,106.0539976180845
Brazoria,12060.0,181,0.015008291873963516,353999,106731,170322,47228,1013,22670,21,595,5419,353999,179060,174939,25013,27824,25997,23891,21058,49737,51803,47776,22350,18570,24779,11542,3659,35.6,1362.305,342641,296664,249624,74395,45977,118762,5192,4020,7424,8635,11253,20118,17046,23348,11298,10428,79270,97877,33547,43466,63626,47711,259.8529697828313
Brazos,7337.0,66,0.008995502248875561,219193,55519,122867,22279,211,13706,46,296,4269,219193,111074,108119,13546,11996,12633,21795,43936,35033,23625,19887,9539,8296,11177,5609,2121,26.2,585.513,214943,186806,160590,43733,28137,79053,9557,4364,8937,8310,10293,11863,8810,9410,3522,3987,46839,70257,26539,23430,45944,36787,374.3606034366445
Brewster,246.0,5,0.02032520325203252,9216,4099,4722,21,168,111,0,16,79,9216,4558,4658,487,507,529,418,543,1160,1223,1020,628,714,1215,619,153,43.3,6183.762,9131,7595,6095,2889,1536,3942,411,196,427,406,900,452,436,436,180,98,43894,60719,27227,26960,43527,35940,1.4903549004635044
Briscoe,20.0,1,0.05,1546,545,885,38,0,0,17,0,61,1546,831,715,82,67,74,93,134,150,149,215,118,100,182,149,33,46.3,900.0010000000003,1546,1208,938,539,338,632,47,18,118,79,90,115,69,53,28,15,42647,58155,24286,29741,37852,35139,1.7177758691379228
Brooks,341.0,23,0.06744868035190615,7180,6741,400,4,0,0,0,0,35,7180,3724,3456,501,494,503,561,978,831,801,747,302,349,649,412,52,32.7,943.355,6638,5185,2656,3129,1453,2052,392,104,393,318,205,305,136,181,9,9,27378,41408,13800,12964,29219,22227,7.611132606494904
Brown,640.0,28,0.04375,37834,8299,27253,1340,140,281,0,0,521,37834,18774,19060,2053,2158,2724,2768,2409,4417,4208,4717,2801,2343,4129,2309,798,41.3,944.452,36773,31720,23282,13893,5053,14016,1033,705,1708,2015,2068,2654,1500,1532,368,433,45457,64580,25145,28531,41504,31092,40.05920893809321
Burleson,421.0,6,0.014251781472684086,17863,3657,11617,2240,52,40,0,8,249,17863,8977,8886,1092,1152,1009,1174,1040,1986,2000,2102,1281,1399,2103,1120,405,42.6,659.034,17692,14742,11094,6344,2950,6754,438,347,618,557,965,1400,990,925,308,206,56235,72427,28732,35256,49075,38347,27.10482311989973
Burnet,854.0,13,0.01522248243559719,45750,10120,33745,831,292,383,0,0,379,45750,22642,23108,2423,2502,3042,2908,2760,4428,5283,5471,3465,3529,5930,3054,955,44.2,994.265,45246,38384,29864,16358,6862,16849,581,692,1847,1679,2231,3469,2362,2399,658,931,59238,79066,30507,27171,46182,36201,46.01388965718395
Caldwell,1675.0,37,0.02208955223880597,41401,21312,16686,2425,136,401,26,0,415,41401,20893,20508,2577,2943,2606,3361,3419,5517,5119,5109,2834,2354,3347,1490,725,35.4,545.234,39420,31017,21963,12887,8403,13225,1002,611,1210,1415,2010,2634,1766,1631,529,417,52278,69537,23881,28604,39793,33974,75.93253538847542
Calhoun,880.0,9,0.010227272727272727,21807,10564,9314,528,3,998,17,0,383,21807,11062,10745,1488,1533,1503,1580,1228,2795,2530,2732,1646,1103,2076,1041,552,37.7,506.839,21584,17492,12854,6878,4092,7604,561,280,677,812,1111,1472,883,1204,453,151,55469,70543,26596,31759,47057,29847,43.0254972486332
Callahan,112.0,4,0.03571428571428571,13770,1300,11900,66,11,39,0,0,454,13770,6763,7007,733,799,1118,848,635,1520,1474,1825,1035,1032,1565,927,259,42.9,899.372,13684,11151,8738,4562,2533,5319,654,259,648,577,726,1029,609,458,251,108,44602,59335,24537,30114,41783,30405,15.310683454677264
Cameron,23871.0,970,0.040635080222864564,421750,377439,38334,1673,543,2786,38,272,665,421750,204788,216962,35652,35812,36879,36264,31611,51385,52290,47020,21969,18687,30250,17532,6399,31.5,891.049,419590,299693,159381,161742,119897,123185,15581,10253,18048,15287,16034,19950,11427,10744,3505,2356,37132,53211,16587,22122,32335,27248,473.31852681502363
Camp,388.0,13,0.03350515463917526,12813,3159,7176,2122,52,44,0,0,260,12813,6220,6593,953,961,909,853,792,1400,1318,1696,835,795,1335,708,258,38.7,195.847,12760,10639,7583,4746,2121,4692,449,259,514,692,686,862,632,404,158,36,42604,56091,20898,28550,41320,30332,65.42351937992412
Carson,52.0,0,0.0,6032,600,5186,78,79,31,0,0,58,6032,2820,3212,365,435,455,465,280,704,706,739,431,395,596,336,125,40.3,920.235,6003,5319,4596,1437,684,2247,84,64,234,189,223,432,323,419,116,163,70087,84978,32917,41216,55800,40615,6.5548474031089885
Cass,477.0,22,0.04612159329140461,30087,1335,22983,5177,10,110,1,6,465,30087,14692,15395,1482,1958,2162,1926,1420,3156,3314,3927,2148,2120,3653,2048,773,43.4,936.957,29691,25112,17684,11986,4579,11789,1060,695,1466,1522,1829,2075,1316,1298,295,233,45345,56515,22545,31162,41784,29961,32.111398922255766
Castro,289.0,6,0.020761245674740483,7787,5003,2523,70,11,92,1,4,83,7787,3905,3882,604,765,574,595,532,785,963,856,477,485,678,324,149,35.3,894.444,7696,5687,3649,2893,2009,2532,148,133,247,356,499,478,306,197,116,52,45000,59313,20915,30607,37044,35971,8.70596705886562
Chambers,1524.0,8,0.005249343832020997,40292,8793,27186,3158,85,506,0,0,564,40292,20377,19915,2794,3250,3140,3022,2524,5286,5489,5660,2550,2169,2831,1201,376,35.4,597.153,40076,34357,28005,9562,5719,13529,728,679,985,1064,1562,1600,1538,2461,1585,1327,76850,98290,34372,40931,75949,40444,67.47349506742827
Cherokee,1616.0,32,0.019801980198019802,51903,11855,31641,7008,270,180,43,0,906,51903,26607,25296,3651,3897,3435,3731,3369,6056,6130,6506,2926,3427,5071,2665,1039,37.8,1052.955,49308,40034,27340,19786,9274,17940,1188,1153,2366,2010,2934,3537,1808,1722,829,393,46044,60376,21520,27466,40581,33459,49.29270481644515
Childress,107.0,0,0.0,7226,2241,4172,552,69,96,0,0,96,7226,4449,2777,345,384,409,394,736,1813,878,601,316,395,436,383,136,30.9,696.5110000000003,5805,4810,3865,1841,995,2235,236,80,259,361,334,428,167,216,117,37,40794,58832,20234,26674,47958,30625,10.374566948691404
Clay,103.0,2,0.019417475728155338,10387,616,9356,59,114,60,0,0,182,10387,5195,5192,464,607,675,606,541,984,1154,1342,800,903,1340,721,250,46.2,1088.758,10321,8885,6666,3970,1436,4045,208,219,472,479,594,729,510,520,166,148,51191,68492,27678,30421,54855,32134,9.540228407047296
Cochran,90.0,1,0.011111111111111112,2904,1684,1068,96,0,0,0,0,56,2904,1491,1413,215,247,208,242,124,447,346,277,205,153,222,188,30,34.5,775.082,2879,2073,1268,1018,806,996,90,112,126,97,141,152,101,117,49,11,42798,57710,21014,30918,40234,32976,3.7467003491243513
Coke,90.0,5,0.05555555555555555,3275,698,2475,20,44,6,0,0,32,3275,1606,1669,103,125,279,209,92,212,426,465,255,217,492,304,96,50.3,911.635,3177,2765,2109,1208,412,1617,127,94,228,192,297,276,206,163,22,12,45551,53056,24768,30924,47044,30402,3.5924465383623927
Coleman,85.0,4,0.047058823529411764,8391,1465,6463,254,39,79,0,0,91,8391,4220,4171,504,539,517,385,305,989,822,985,718,617,1120,748,142,46.5,1262.914,8358,6437,4525,3383,1921,3460,312,145,501,366,697,642,313,238,70,176,43981,64448,27842,31159,41204,29188,6.6441578761499205
Collin,17122.0,174,0.010162364209788576,944350,143369,547403,88702,3132,135508,582,2691,22963,944350,464248,480102,59858,69836,76360,67986,53580,120753,151930,143663,56656,45688,62711,26801,8528,36.6,841.2760000000003,941564,843739,757027,153370,97825,331336,10888,5742,14782,18352,30711,51452,42804,69454,39903,47248,94192,120691,43439,50063,76606,53878,1122.521027581911
Collingsworth,20.0,0,0.0,2996,834,1878,195,68,0,0,0,21,2996,1496,1500,185,191,245,171,201,321,383,351,233,173,313,124,105,39.2,918.441,2929,2266,1320,1222,663,1055,83,42,152,194,135,199,147,50,27,26,42750,60536,22880,22417,34964,26613,3.2620494947416327
Colorado,498.0,4,0.008032128514056224,21022,6200,11855,2655,27,7,0,0,278,21022,10538,10484,1363,1288,1493,1397,1145,2054,2233,2440,1280,1866,2467,1356,640,42.5,960.284,20703,17886,13815,6868,2817,7511,386,381,894,891,1244,1345,935,678,428,329,49504,70324,27861,30469,41853,34692,21.89144044886721
Comal,2823.0,106,0.0375487070492384,135097,36612,91969,2544,97,1403,45,140,2287,135097,66793,68304,7855,8111,9355,8623,7284,14986,16199,18761,9448,10508,14757,6482,2728,42.0,559.512,133918,117455,98182,38832,16463,48903,2017,1437,2986,3659,5974,8230,7418,8321,3838,5023,75356,98131,36899,36948,55209,43405,241.45505368964385
Comanche,348.0,5,0.014367816091954023,13495,3729,9438,87,54,74,0,1,112,13495,6738,6757,762,809,900,1012,572,1278,1438,1646,837,980,1826,1088,347,44.8,937.753,13292,10885,7999,5122,2407,5260,397,334,608,532,893,999,638,681,91,87,47893,60948,25127,30762,41545,30548,14.390783074007759
Concho,141.0,2,0.014184397163120567,4233,2372,1706,89,6,48,0,0,12,4233,2802,1431,121,188,133,575,226,502,588,643,261,241,428,225,102,41.9,983.755,3068,2544,1957,1028,524,873,66,67,128,116,93,175,63,126,13,26,43355,61808,17684,23994,33772,20735,4.302900620581344
Cooke,524.0,8,0.015267175572519083,39571,7043,29979,967,221,357,17,40,947,39571,19660,19911,2677,2627,2440,2643,2550,4818,4226,4932,2641,2973,4111,2154,779,40.4,874.81,39107,33276,25615,12832,5831,15368,692,532,1453,1811,2470,2639,2061,2425,688,597,57646,73257,28751,32021,47181,35469,45.233822201392314
Coryell,1937.0,13,0.006711409395973154,75389,13631,44478,9991,472,1476,569,0,4772,75389,37630,37759,5353,4750,5146,4458,8425,14423,10877,8429,3643,2872,4224,1970,819,31.5,1052.1989999999996,57922,52188,43175,18655,5734,22314,1193,988,2314,2666,3647,4875,2966,2761,527,377,51440,64278,21507,27227,35608,32747,71.64899415414767
Cottle,33.0,3,0.09090909090909091,1623,382,867,243,5,0,0,89,37,1623,792,831,166,137,158,98,31,180,79,229,116,79,209,102,39,37.9,900.564,1623,1402,666,956,221,686,77,57,109,105,125,119,46,14,20,14,34375,47243,20108,21934,40526,26250,1.802203952189961
Crane,73.0,2,0.0273972602739726,4839,3080,1548,189,3,19,0,0,0,4839,2511,2328,381,381,473,479,239,639,574,569,317,206,330,196,55,32.4,785.069,4738,3976,3301,1013,762,1422,77,29,154,51,120,328,240,303,53,67,70398,79681,26113,34238,57929,28816,6.163789424878577
Crockett,166.0,7,0.04216867469879518,3633,2306,1295,32,0,0,0,0,0,3633,1771,1862,303,321,209,305,96,528,364,513,112,343,336,163,40,35.9,2807.324,3559,3018,2241,910,541,1388,108,89,194,85,153,336,84,266,67,6,51152,63225,24852,33403,43162,27227,1.2941149649986965
Crosby,108.0,6,0.05555555555555555,5861,3261,2330,210,0,14,0,3,43,5861,2921,2940,400,393,534,454,327,643,725,580,391,356,560,374,124,38.1,900.199,5780,4602,2780,2446,1178,2044,218,151,288,292,363,324,210,128,30,40,37899,50926,19155,23740,35793,26250,6.51078261584383
Culberson,88.0,2,0.022727272727272728,2241,1646,534,3,0,12,0,0,46,2241,1231,1010,195,156,110,109,90,374,173,294,199,113,217,140,71,43.0,3812.156,2233,1770,1115,820,463,681,67,56,156,71,106,115,53,53,2,2,33417,42536,15873,20055,29893,19914,0.5878563206752294
Dallam,332.0,10,0.030120481927710843,7243,3260,3655,63,85,107,0,0,73,7243,3795,3448,692,634,663,581,294,1143,680,1027,454,324,422,255,74,31.6,1503.132,7204,5408,4039,1856,1796,2404,74,78,283,301,459,500,251,262,118,78,51250,78602,26844,29462,45890,31543,4.818605418552728
Dallas,90790.0,1211,0.013338473400154201,2586552,1033000,765816,572790,5243,158780,1125,4484,45314,2586552,1275226,1311326,195852,194682,188069,175401,183838,421527,359293,327994,149682,126422,160112,73856,29824,33.3,872.056,2568003,2027479,1428744,760531,540524,917276,56186,38084,86536,94733,128009,171046,108993,119771,50048,63870,56854,85064,31219,32067,42810,40218,2966.038878237177
Dawson,762.0,16,0.02099737532808399,12964,7402,4630,763,56,6,0,0,107,12964,7235,5729,852,740,1067,743,1285,2157,1630,1333,708,601,977,610,261,33.0,900.306,11190,9464,6020,4642,1726,4322,394,322,815,373,609,603,441,519,106,140,44657,62692,21543,26579,44051,26088,14.39954859792115
Deaf Smith,988.0,42,0.04251012145748988,18899,13659,4781,144,48,103,16,18,130,18899,9507,9392,1663,1579,1746,1510,1301,2372,2314,2075,1100,923,1279,735,302,32.0,1496.8220000000001,18691,14880,10375,5966,3811,6139,332,415,471,686,1072,1125,900,871,141,126,51841,63376,21515,30389,45189,30660,12.626083796202892
Delta,32.0,25,0.78125,5215,380,4232,391,16,35,0,3,158,5215,2527,2688,315,282,378,434,241,516,541,647,400,419,613,293,136,42.3,256.832,5149,4367,3051,2071,782,2015,158,134,170,309,289,298,281,229,85,62,46138,63240,25004,27575,52143,36349,20.30510216795415
Denton,13773.0,0,0.0,807047,155047,484341,74946,2730,66371,620,1354,21638,807047,397140,409907,52426,58124,59211,57237,53864,120505,125021,117565,49599,36830,50328,20174,6163,35.2,878.6010000000001,803126,710804,628614,139994,92322,283250,10133,5902,15106,18475,30850,46764,37790,56131,29352,32747,83376,108579,39535,41981,64216,49842,918.5591639435877
DeWitt,1072.0,166,0.15485074626865672,20435,7132,11271,1865,7,1,0,0,159,20435,10577,9858,1302,1378,1134,1190,879,2446,2839,2488,1412,1437,2101,1293,536,40.9,908.9760000000001,18492,16089,11832,6600,2403,7088,459,575,668,773,885,1199,891,885,244,509,53779,81174,28728,31431,46202,30306,22.481341641583494
Dickens,51.0,2,0.0392156862745098,2216,673,1463,68,0,12,0,0,0,2216,1143,1073,109,103,173,146,82,200,323,246,128,193,276,204,33,43.9,901.7239999999999,2092,1698,1223,886,394,842,101,98,99,63,139,141,88,73,20,20,41618,57230,23452,26317,46406,37422,2.457514716254641
Dimmit,283.0,7,0.024734982332155476,10663,9244,1008,5,0,402,0,0,4,10663,5186,5477,1015,746,981,864,523,1344,1457,923,435,641,927,515,292,33.7,1328.885,10555,8210,3740,4897,2345,3309,474,330,774,397,277,308,309,263,102,75,27832,50693,18121,20829,41473,21983,8.024020137182676
Donley,84.0,1,0.011904761904761904,3387,373,2749,166,13,14,0,0,72,3387,1634,1753,162,195,244,278,251,326,322,368,226,226,427,287,75,41.6,926.9060000000001,3322,2812,2125,1157,510,1290,98,77,151,166,233,214,154,130,44,23,43224,57942,23711,25236,46944,29677,3.65409221647071
Duval,471.0,21,0.044585987261146494,11355,10135,1028,191,0,0,0,1,0,11355,5758,5597,813,709,1016,633,930,1433,1297,1278,903,318,1101,709,215,36.1,1793.477,10856,8200,4568,5071,2656,3511,428,299,564,374,498,626,327,225,84,86,37382,50374,17864,22225,43637,24217,6.33127717835244
Eastland,235.0,6,0.02553191489361702,18270,2963,14532,550,71,119,0,0,35,18270,9245,9025,979,1149,1008,1461,1120,1767,2052,2007,1348,1272,2215,1234,658,42.4,926.505,18007,15083,10261,7858,2924,6460,695,457,1246,793,1023,945,373,498,220,210,35325,60741,23940,22690,48326,30581,19.719267570061685
Ector,3604.0,93,0.025804661487236404,158342,94453,52830,6704,339,1692,50,325,1949,158342,80249,78093,14526,13298,12743,11485,12562,26131,19808,17110,8353,7355,8654,4463,1854,30.3,897.811,157175,123453,95751,38448,33722,51954,2561,1891,4818,5325,6690,9794,6982,8186,3062,2645,60676,82506,28700,35230,54956,35600,176.36451324387872
Edwards,68.0,2,0.029411764705882353,2055,1194,859,0,1,0,0,0,1,2055,1062,993,120,132,63,156,89,140,163,367,122,134,334,219,16,49.3,2117.871,2043,1792,1034,1183,251,686,68,50,93,107,52,140,71,44,24,37,40313,62107,29814,21774,35163,33487,0.9703140559552492
Ellis,4796.0,581,0.12114261884904087,837654,690189,102112,25430,2213,9163,1022,425,7100,837654,411682,425972,65182,61152,66845,64636,71442,123364,104799,97217,46419,39134,54577,30595,12292,32.0,1013.186,813458,645185,420177,278278,168273,265724,23295,17387,33399,31324,40687,48631,27591,27684,9163,6563,44597,60632,20763,25578,38598,31418,826.7524422958866
El Paso,34760.0,75,0.00215765247410817,168838,43737,104141,15820,336,1104,46,159,3495,168838,83184,85654,11392,12826,13120,12711,10718,21434,22272,22939,11317,9272,12940,6149,1748,36.1,935.66,167585,142034,115928,42252,25551,55840,1972,1861,3719,4313,6129,10812,8484,10267,4812,3471,72213,90350,30727,36752,53656,43455,180.44802599234765
Erath,991.0,13,0.013118062563067608,41482,8671,31082,674,213,312,21,9,500,41482,20216,21266,2449,2551,2356,4548,5919,5055,4174,4327,2300,2085,3324,1612,782,30.0,1083.178,40979,33689,26740,10469,7290,13961,1656,639,1395,1559,1947,2491,1410,1716,744,404,48819,67961,25290,23053,42103,32345,38.29656806175901
Falls,639.0,5,0.00782472613458529,17299,3987,8878,4153,57,73,7,0,144,17299,8189,9110,1042,1022,1058,967,1175,2466,1914,2421,1238,1013,1600,904,479,39.3,765.465,15531,12901,8635,6361,2630,5237,806,392,566,676,818,852,505,458,118,46,38032,49617,17830,25760,31817,35503,22.599335044711385
Fannin,755.0,16,0.02119205298013245,34175,3752,27018,2133,169,242,13,3,845,34175,18034,16141,1722,1973,2259,2038,2131,4166,4038,4832,2381,2190,3623,1948,874,41.9,890.835,31300,26291,18710,11381,5009,12231,1005,577,1289,1342,1796,2239,1604,1525,466,388,50761,65077,24581,30940,50000,36165,38.362884260272665
Fayette,510.0,22,0.043137254901960784,25066,5212,17917,1592,13,119,0,0,213,25066,12351,12715,1256,1533,1540,1391,1320,2317,2618,3037,2150,1881,3277,1970,776,47.0,949.87,24647,21995,17577,8205,2652,9067,539,660,885,830,1244,1700,1176,1134,344,555,56297,76017,30097,31230,45089,30297,26.38887426700496
Fisher,91.0,3,0.03296703296703297,3883,1185,2492,114,0,23,5,0,64,3883,1879,2004,262,183,206,256,258,393,431,455,269,278,488,316,88,44.4,898.951,3860,3267,2514,1406,593,1649,132,136,144,229,256,292,154,242,33,31,46827,64120,28355,30858,45313,33750,4.319479037233397
Floyd,121.0,9,0.0743801652892562,5872,3429,2184,164,8,10,0,0,77,5872,2885,2987,381,386,517,407,358,681,733,583,383,346,573,366,158,36.9,992.143,5834,4525,2954,2269,1309,2328,190,156,304,208,343,520,308,214,44,41,48555,57642,23308,28919,41493,29474,5.918501667602352
Foard,20.0,0,0.0,1408,288,1095,25,0,0,0,0,0,1408,712,696,62,65,87,100,47,87,181,214,104,82,162,160,57,49.3,704.3969999999997,1373,1191,856,538,182,557,9,41,76,78,86,129,65,37,18,18,46354,60131,25636,23833,38977,20962,1.9988727947450091
Fort Bend,17238.0,305,0.017693467919712262,739342,179653,249314,149334,1652,146020,141,1583,11645,739342,363177,376165,51655,58222,59504,54665,43098,91278,113334,104353,47261,41118,49623,18833,6398,36.0,861.582,734071,652304,558076,139849,81767,230381,7147,4047,11051,12527,19631,35823,29557,47159,26873,36566,95561,123548,39472,46297,71336,53339,858.1214556478664
Franklin,183.0,7,0.03825136612021858,10679,1515,8460,408,22,5,8,0,261,10679,5362,5317,587,672,840,794,526,1066,1129,1322,789,733,1283,755,183,43.0,284.39099999999996,10584,8824,6682,3673,1760,3806,171,188,483,503,462,658,578,491,94,178,52944,67848,25602,29826,41613,35053,37.55041474589562
Freestone,440.0,4,0.00909090909090909,19709,2984,13225,3103,12,113,0,0,272,19709,10163,9546,1153,1358,1204,1188,952,2634,2473,2348,1413,1199,2132,1238,417,40.4,877.7310000000001,18047,15220,11020,6991,2827,6865,371,492,959,830,848,1057,756,1035,324,193,48731,67181,24083,31263,50804,31098,22.454487764474536
Frio,1008.0,9,0.008928571428571428,19394,15279,3035,757,9,172,0,23,119,19394,11580,7814,1166,1182,1174,1763,2021,3553,2385,2094,775,900,1356,841,184,31.4,1133.501,15733,12265,7552,6172,3468,4624,397,438,570,488,734,737,468,549,149,94,42476,63369,18288,20819,35740,28381,17.109821694025854
Gaines,493.0,10,0.02028397565922921,20321,8375,11299,391,93,95,13,44,11,20321,10320,10001,2190,1848,2152,1761,1228,2856,2395,2205,1117,804,972,545,248,27.9,1502.364,20212,13803,9884,4751,6409,5737,444,175,538,668,686,999,857,815,318,237,59032,74857,22710,32571,49333,27473,13.526016331594741
Galveston,12172.0,168,0.013802168912257641,327089,79406,188666,40398,747,10621,203,348,6700,327089,161269,165820,21173,21795,23438,22157,19905,43687,42869,44116,23589,20096,27241,12627,4396,37.5,378.93699999999995,321952,276296,224321,86982,45656,119181,7129,4770,10383,9872,12982,18276,13461,20241,10546,11521,69369,95026,35448,37876,64771,47458,863.1751452088341
Garza,121.0,5,0.04132231404958678,6288,3272,2562,267,23,137,0,7,20,6288,4070,2218,269,238,274,394,516,1075,1172,887,402,280,408,304,69,39.0,893.414,4405,3633,2623,1684,772,1628,91,92,86,175,357,303,261,201,22,40,55039,71609,19177,25668,36124,31192,7.038170433863808
Gillespie,351.0,10,0.02849002849002849,26208,6006,19653,19,7,42,0,34,447,26208,12731,13477,1302,1298,1622,1551,1180,2124,2609,2872,1763,2276,3920,2599,1092,50.3,1058.198,25851,20998,16326,9813,4853,10717,520,492,1171,1191,1299,2140,1105,1615,505,679,58325,80569,33515,25433,47274,36044,24.766631575565253
Glasscock,12.0,0,0.0,1430,626,804,0,0,0,0,0,0,1430,787,643,68,69,127,132,158,122,229,134,68,150,87,69,17,36.0,900.2180000000003,1430,1140,960,233,290,432,22,0,71,25,49,39,77,80,49,20,75833,94304,30902,30061,42404,24722,1.5885041178914436
Goliad,157.0,6,0.03821656050955414,7531,2699,4396,372,0,43,0,0,21,7531,3734,3797,312,526,530,395,511,672,756,994,684,536,841,683,91,46.0,852.0110000000003,7428,6634,5154,2647,794,2681,246,173,294,244,203,408,315,478,197,123,60492,76236,29918,35709,61554,39438,8.83908775825664
Gonzales,1110.0,20,0.018018018018018018,20667,10436,8667,1356,17,52,4,0,135,20667,10448,10219,1507,1569,1599,1389,1315,2470,2265,2523,1491,1207,1903,1055,374,36.5,1066.6860000000001,20384,16323,10461,7731,4061,7214,392,438,796,865,913,1534,833,794,345,304,53006,73239,26618,30835,40978,31465,19.374961328825915
Gray,408.0,10,0.024509803921568627,22685,6465,14504,1007,181,153,19,0,356,22685,11903,10782,1641,1631,1617,1273,1414,3119,3021,2783,1538,1080,1862,1133,573,36.6,925.9739999999999,21117,17296,12359,7532,3821,8000,538,341,1279,1029,919,1399,904,1025,284,282,47170,66873,24911,30902,48117,31497,24.49852803642435
Grayson,2340.0,64,0.02735042735042735,128560,16817,97457,6842,1534,1805,66,201,3838,128560,62737,65823,8066,8267,9100,8466,7771,15528,15026,16509,9361,8176,13191,6592,2507,39.9,932.831,127174,105716,80788,41729,21458,47957,3175,2372,4788,4858,6977,8469,7223,5982,2614,1499,54370,70460,27276,30519,45691,35604,137.8170322384226
Gregg,2470.0,84,0.0340080971659919,123494,22916,71387,24767,377,1641,121,144,2141,123494,60208,63286,9322,9310,8434,8245,8595,17098,14731,14571,8105,6878,10055,5425,2725,35.4,273.38,121339,98319,70968,40044,23020,45532,3422,2400,5200,5394,6809,8496,4784,5610,1918,1499,49287,67886,25839,27262,46156,35192,451.73019240617464
Grimes,1157.0,35,0.03025064822817632,27630,6616,16163,4165,90,45,0,15,536,27630,14892,12738,1534,1604,1975,1843,1701,3173,3608,3669,1951,2018,2901,1153,500,40.3,787.467,24066,20774,14468,9388,3292,8793,634,528,1094,1006,1112,1508,957,1186,367,401,50298,72230,23513,28611,42188,31545,35.087184605831105
Guadalupe,3806.0,79,0.02075669994745139,155137,58462,78655,11140,274,2578,246,530,3252,155137,76850,78287,9910,11309,11397,11707,9540,19682,21641,21399,9868,7945,12567,6145,2027,36.7,711.252,152940,135375,112769,41595,17565,53107,2364,1685,3486,3691,6611,10521,7945,9857,4019,2928,70931,86049,30817,36663,52101,39372,218.11819158329257
Hale,2407.0,60,0.024927295388450354,34113,20153,11669,1486,10,104,7,22,662,34113,17751,16362,2392,2344,3045,2761,2678,4698,3986,4047,2033,1637,2418,1342,732,33.1,1004.68,32366,26187,18237,10678,6179,11146,969,584,1250,1286,1958,2302,1431,965,239,162,47080,56831,19854,28851,41728,32002,33.95409483616674
Hall,41.0,1,0.024390243902439025,3074,1057,1729,239,3,9,0,0,37,3074,1546,1528,124,152,295,275,144,251,330,371,173,250,377,243,89,43.5,883.492,3016,2244,1237,1393,772,1301,122,141,249,215,139,177,103,108,17,30,32921,54817,22846,20659,40734,30060,3.479375025467124
Hamilton,182.0,4,0.02197802197802198,8269,1019,7004,42,62,24,0,0,118,8269,4070,4199,469,502,454,513,406,832,893,929,641,548,1050,599,433,46.0,835.915,8044,6639,4724,3273,1405,3108,191,267,385,379,355,548,357,394,116,116,47500,70251,28074,28403,41516,29388,9.892154106577822
Hansford,187.0,6,0.03208556149732621,5547,2618,2911,3,4,0,0,0,11,5547,2783,2764,467,363,473,436,431,658,736,544,303,273,487,270,106,34.3,919.81,5463,4386,3468,1398,1077,1855,139,72,227,411,267,296,191,146,85,21,39229,54819,20127,28285,40861,24109,6.030593274698036
Hardeman,60.0,1,0.016666666666666666,3952,851,2693,271,41,0,0,0,96,3952,1938,2014,196,291,307,199,237,465,401,530,225,302,457,219,123,42.4,695.1139999999997,3940,3318,2329,1611,622,1519,70,140,301,128,187,312,179,144,12,46,42238,56979,22938,22042,41901,29426,5.685398366311139
Hardin,1416.0,34,0.02401129943502825,56379,3142,48896,3169,110,326,0,76,660,56379,27342,29037,3739,3620,4188,3784,3256,6855,7194,7149,3961,3438,5602,2691,902,39.0,890.587,55918,47649,38068,16535,8269,20385,1552,1262,1800,1886,2182,3641,2387,3484,1233,958,59105,77772,29108,38827,58674,35973,63.30543787412122
Harris,155192.0,2759,0.017777978246301354,4602523,1958963,1384032,855008,8147,317911,2456,10431,65575,4602523,2288295,2314228,352799,346412,342994,315136,321813,747301,657407,576550,261843,227941,282371,123989,45967,33.3,1705.203,4581010,3657243,2643160,1294937,923767,1583486,96861,64276,148086,154564,201347,277335,185201,224530,98609,132677,60146,89270,31901,33173,49579,41028,2699.105619682818
Harrison,1042.0,38,0.036468330134357005,66645,8627,42414,14084,188,489,15,43,785,66645,32556,34089,4354,4977,4720,4844,3991,7842,8124,8253,4591,4269,6439,2959,1282,37.9,899.956,65875,56065,41879,21476,9810,23217,1795,1204,2325,2785,3186,3908,3554,2833,958,669,51202,68884,25418,30864,50660,33857,74.05362039921951
Hartley,168.0,0,0.0,5767,1524,3390,492,2,85,0,37,237,5767,3411,2356,311,325,389,235,172,1115,1031,745,359,258,446,320,61,39.1,1461.951,4220,3508,2599,1265,712,1681,41,5,151,176,315,421,193,311,17,51,59280,73285,20480,37096,42045,37361,3.944728653696328
Haskell,78.0,3,0.038461538461538464,5809,1665,3758,192,33,44,0,7,110,5809,3071,2738,243,331,322,366,429,709,740,661,228,519,678,371,212,42.4,903.133,5241,4227,2638,2341,1014,2125,204,152,316,265,224,492,201,197,43,31,46013,53831,21308,26002,37900,30476,6.432053750665737
Hays,6212.0,74,0.011912427559562138,204150,78334,111288,7421,416,2806,78,423,3384,204150,101636,102514,12742,13582,13391,17308,25542,28878,26754,23560,11592,9516,13864,5782,1639,31.6,677.987,202381,174038,151064,41615,28343,70881,4681,2631,5532,5779,8232,12847,10545,11159,4633,4842,65935,85397,30715,30674,51222,40392,301.11196822357954
Hemphill,133.0,0,0.0,4061,1455,2502,34,15,24,0,0,31,4061,1965,2096,260,356,473,370,162,391,609,443,257,200,326,148,66,35.2,906.2860000000001,4018,2938,2354,1076,1080,1323,32,123,76,171,193,189,149,267,64,59,63778,79573,26781,27239,51622,37381,4.480925447375332
Henderson,1203.0,31,0.025768911055694097,80460,10072,63153,5080,568,530,37,32,988,80460,39097,41363,4537,4681,5081,5230,4356,8568,8690,10190,5983,5744,9977,5700,1723,43.9,873.773,79500,64594,44883,32678,14906,30885,2229,1973,3825,3907,4579,5413,3813,3081,1190,875,45798,64314,25280,27732,43754,32546,92.08341296881457
Hidalgo,34343.0,1659,0.04830678740937018,849389,781681,54299,3619,614,7779,118,254,1025,849389,415443,433946,80050,76370,79880,73722,66114,113177,109326,91054,36396,33050,50543,29323,10384,29.1,1570.899,841221,584950,308592,315557,256271,234879,27667,19576,34297,27818,30516,37980,22272,21941,7541,5271,38398,56090,16490,21866,35026,28811,540.7024894662228
Hill,762.0,16,0.02099737532808399,35399,7247,25039,2279,115,120,65,15,519,35399,17603,17796,2113,2362,2355,2453,1970,3855,3796,4411,2611,2253,4097,2433,690,42.1,958.855,34754,29129,20761,13269,5625,12769,858,679,1563,1499,1899,2481,1394,1600,357,439,48823,65716,24745,26824,42115,32047,36.91799072852517
Hockley,519.0,12,0.023121387283236993,23162,10970,10948,769,141,72,17,28,217,23162,11428,11734,1558,1671,1822,1979,1778,3093,2659,2643,1487,1280,1809,923,460,33.5,908.3919999999999,22950,18719,13595,7421,4231,7946,408,431,1003,933,1357,1411,949,913,268,273,48116,65147,23440,28465,47456,33347,25.497802710724002
Hood,1130.0,37,0.03274336283185841,56901,7026,48047,466,469,433,0,0,460,56901,28004,28897,3109,3220,3506,3474,2578,5914,5641,6942,4449,4261,7883,4531,1393,46.7,420.704,56208,47617,36001,20217,8591,21969,1247,851,2192,2024,3175,3842,2473,3528,1469,1168,59049,80447,32727,35806,52808,37651,135.2518635430136
Hopkins,589.0,26,0.044142614601018676,36240,6043,26657,2523,44,243,42,34,654,36240,17801,18439,2320,2452,2789,2279,2105,4356,4220,4652,2454,2135,3730,2159,589,39.5,767.2919999999997,35802,29202,20840,12601,6600,13405,881,654,1529,1665,1695,2775,1562,1577,567,500,51877,69253,26267,29824,47254,31592,47.231041116028855
Houston,415.0,12,0.02891566265060241,22955,2511,14185,5676,49,72,0,9,453,22955,12432,10523,1181,1372,1161,1224,1325,2412,3021,3182,1669,1574,2605,1543,686,44.0,1231.005,19828,16851,10938,8352,2977,8209,833,862,1293,1166,1248,1461,584,599,79,84,34297,47354,18080,22610,31213,24452,18.647365364072442
Howard,1044.0,21,0.020114942528735632,36667,15394,18015,2027,259,299,10,21,642,36667,20732,15935,2309,2132,2324,2260,2672,5608,5178,5267,2389,1932,2551,1504,541,36.6,900.791,31813,26274,19426,10082,5539,11036,882,574,960,1420,1509,1966,1470,1541,324,390,51528,71173,23784,26963,48796,29020,40.705335643895204
Hudspeth,75.0,3,0.04,4098,3212,720,49,0,74,0,0,43,4098,2019,2079,207,362,280,235,274,648,347,508,334,264,385,213,41,37.6,4570.525,3377,2586,1241,1620,791,900,143,101,123,133,191,99,33,43,17,17,29318,45074,14190,18147,26940,21827,0.8966147215035473
Hunt,1934.0,43,0.022233712512926575,92152,14595,66540,7297,952,1144,43,72,1509,92152,45279,46873,5804,6140,6305,6695,6266,11300,10817,12284,6545,5474,8628,4434,1460,37.8,840.34,91346,75795,55072,31012,15551,32369,2272,1942,4113,3363,3856,5465,4443,4233,1698,984,51928,67512,25077,30364,50090,36033,109.66037556227242
Hutchinson,294.0,7,0.023809523809523808,21571,4959,15250,474,313,82,122,4,367,21571,10797,10774,1424,1718,1444,1501,1343,2634,2713,2477,1415,1515,1902,1151,334,37.3,887.42,21464,17752,13267,7558,3712,7191,536,522,728,663,1109,1181,929,943,430,150,50651,65818,24725,28051,52628,30403,24.307543215163054
Irion,13.0,0,0.0,1524,374,1086,54,0,0,0,0,10,1524,836,688,60,102,141,127,87,122,140,214,104,138,145,94,50,44.1,1051.5439999999999,1508,1298,1076,398,210,634,47,52,38,93,59,104,77,93,37,34,54706,75706,31449,40776,60100,33917,1.4492974140882358
Jack,149.0,3,0.020134228187919462,8842,1465,6854,415,23,12,0,11,62,8842,4987,3855,493,449,577,647,603,1157,1171,1180,557,504,863,468,173,39.7,910.94,7684,6346,4815,2637,1338,3160,212,143,423,384,350,644,320,443,104,137,51700,68400,25626,32456,56388,34067,9.70645706632709
Jackson,639.0,16,0.025039123630672927,14820,4873,8717,947,0,134,8,0,141,14820,7226,7594,1053,1104,1038,895,890,1638,1995,1693,1124,899,1309,788,394,38.5,829.443,14591,12288,9508,4568,2303,5237,408,173,504,353,667,1133,961,586,277,175,60276,71786,26329,33144,54392,31335,17.86741222724166
Jasper,511.0,34,0.06653620352250489,35504,2360,26471,5833,62,157,26,97,498,35504,17501,18003,2119,2373,2648,2238,2179,3772,3960,4620,2600,2265,3996,1867,867,40.9,938.655,34587,28798,19829,13936,5789,12583,776,882,1818,1495,1692,2065,1584,1547,335,389,46088,64734,25004,31429,57370,30417,37.82433375414822
Jeff Davis,17.0,0,0.0,2234,727,1422,18,0,51,0,0,16,2234,1114,1120,61,108,160,142,57,138,202,251,177,232,541,131,34,54.8,2264.556,2172,1877,1395,998,295,1050,60,56,137,111,151,241,181,87,23,3,53194,56213,26053,26656,43295,35606,0.9865068472583588
Jefferson,8139.0,149,0.018306917311709057,255210,51461,104869,85589,428,9401,114,251,3097,255210,130660,124550,17595,17385,16171,16490,18238,37482,32341,32075,17101,14877,19797,11079,4579,36.0,876.372,241135,191760,134334,80870,49375,94002,9049,5294,11196,10228,12312,15946,10165,11636,4656,3520,48463,68549,26205,31505,49828,37419,291.2119510892635
Jim Hogg,162.0,5,0.030864197530864196,5282,4890,371,2,0,0,0,0,19,5282,2550,2732,412,366,514,539,303,525,569,398,350,374,522,328,82,34.7,1136.173,5253,4265,2510,2389,988,1710,173,197,336,206,190,205,180,146,30,47,32049,51120,17798,22464,48097,22266,4.648939906158657
Jim Wells,1533.0,52,0.033920417482061316,41192,33060,7432,254,28,253,63,20,82,41192,20178,21014,3041,3107,3521,3174,2596,5304,5092,4722,2210,2414,3425,1980,606,34.8,865.17,40799,33303,22127,14047,7496,13043,1576,841,1850,1500,1323,2123,1573,1370,520,367,42005,62151,21274,26676,47272,26447,47.61145208456142
Johnson,3479.0,63,0.018108651911468814,163475,34048,119128,4982,644,1400,607,79,2587,163475,81568,81907,10772,12070,12313,11668,10001,20689,21405,21985,11444,8798,13666,6700,1964,36.8,724.8,161010,135010,106074,42973,26000,56433,2244,1917,4668,5002,7878,11537,8339,9364,3263,2221,62066,78174,27667,36444,49563,38541,225.5449779249448
Jones,591.0,2,0.00338409475465313,19891,5447,10613,2842,30,70,0,33,856,19891,12507,7384,888,913,1075,937,1363,3666,2979,2768,1407,927,1724,934,310,38.5,928.57,12690,10923,7686,5493,1767,5593,383,389,538,722,933,960,665,624,235,144,45694,64904,17673,26166,47568,33987,21.421109878630578
Karnes,948.0,17,0.017932489451476793,15387,8304,5645,1218,32,14,0,0,174,15387,9133,6254,852,999,881,1167,1008,2859,2028,1723,920,800,1105,705,340,34.7,747.497,12806,11029,8062,4353,1777,4246,389,257,423,501,462,720,484,460,221,329,52252,83800,26875,33956,44872,34310,20.58469799878796
Kaufman,3436.0,55,0.0160069848661234,118910,24531,77641,12799,468,1410,46,232,1783,118910,58360,60550,8545,8799,9932,8701,6654,15677,16626,15891,7933,6116,8585,4244,1207,35.6,780.675,117811,99986,77950,32365,17825,37364,1850,1531,2857,3098,4815,6821,4540,7606,2822,1424,65390,81752,27411,35454,52527,41538,152.31690524225831
Kendall,377.0,10,0.026525198938992044,41982,9894,30601,286,31,369,25,0,776,41982,20415,21567,2138,2599,3124,3123,2249,3936,5123,5786,3238,2772,4557,2356,981,42.1,662.454,41551,37727,32693,11739,3824,14159,527,307,639,1205,1303,2435,1876,2587,1281,1999,82390,120877,43241,37021,64886,45371,63.37345687398673
Kenedy,7.0,2,0.2857142857142857,595,522,72,0,0,1,0,0,0,595,286,309,85,37,40,10,10,95,47,75,51,9,85,29,22,39.5,1458.453,595,467,212,276,128,209,25,4,49,13,71,16,23,8,0,0,36125,40908,15820,29453,40848,23295,0.4079665234327057
Kent,10.0,0,0.0,749,122,613,8,6,0,0,0,0,749,327,422,33,53,34,61,12,41,79,90,65,54,146,59,22,51.8,902.507,707,668,525,245,39,318,12,43,32,41,48,47,18,42,3,32,45926,68737,29503,36875,49773,40000,0.829910460528284
Kerr,679.0,13,0.01914580265095729,51365,13702,35484,759,117,473,32,114,684,51365,24886,26479,2627,2593,2945,3036,3013,5313,4702,5826,3675,3816,7327,4509,1983,47.7,1103.326,50494,42461,31033,22022,8033,20766,992,814,2202,2562,3448,3852,2838,2414,967,677,52473,73327,30498,27148,41314,37059,46.55469009159577
Kimble,21.0,1,0.047619047619047616,4408,1114,3193,1,17,0,0,16,67,4408,2154,2254,270,203,203,332,160,247,432,440,360,488,701,399,173,52.9,1250.985,4356,3355,2268,1890,1001,1948,147,114,208,296,384,311,196,154,37,101,42500,64992,28899,23284,34747,23662,3.523623384772799
King,1.0,0,0.0,228,38,190,0,0,0,0,0,0,228,118,110,17,15,20,15,2,23,21,23,46,13,18,15,0,46.5,910.872,228,210,150,73,18,91,0,3,0,13,24,15,13,18,0,5,65125,75557,31564,36964,42250,32250,0.2503095934445235
Kinney,72.0,1,0.013888888888888888,3675,2297,1375,3,0,0,0,0,0,3675,2290,1385,87,152,283,190,216,579,391,502,346,178,501,122,128,41.7,1360.055,3419,2919,1772,1586,500,1170,84,82,305,173,123,114,121,144,15,9,31468,49372,20323,30444,41530,35125,2.7020966063872414
Kleberg,999.0,51,0.05105105105105105,31425,22849,6419,907,16,695,0,64,475,31425,16052,15373,2222,2295,1915,2953,4777,4366,3270,2828,1301,1461,2274,1283,480,28.0,881.306,30628,25323,17697,11055,5305,10946,1647,669,1436,928,1720,1454,1165,1241,399,287,42021,58413,21986,24008,49596,30959,35.657308585213315
Knox,111.0,8,0.07207207207207207,3733,1269,2191,213,4,5,0,0,51,3733,1853,1880,279,272,316,239,250,378,319,460,248,289,334,242,107,39.5,850.625,3590,3022,2051,1452,568,1330,115,55,181,191,167,214,205,153,31,18,46146,57553,21796,29537,43333,37692,4.388537839823658
Lamar,1644.0,13,0.007907542579075427,7409,6104,1125,94,0,12,0,0,74,7409,4408,3001,508,532,287,418,605,1499,887,985,363,291,665,331,38,33.8,1486.704,6471,4846,3469,2035,1625,2216,152,249,227,89,315,677,157,82,147,121,51792,79335,25129,23943,38947,28830,4.983507140627859
Lamb,482.0,45,0.09336099585062241,49532,3804,37005,6135,194,429,111,19,1835,49532,23917,25615,3327,2989,3421,3276,2843,5932,5656,6370,3259,3232,5256,3069,902,40.8,907.181,48942,40530,27453,19037,8412,19313,2147,1202,2209,2341,2828,3374,2168,1949,676,419,43562,59148,23833,28920,47543,31120,54.59990894871034
Lampasas,298.0,23,0.07718120805369127,13262,7325,5252,442,33,72,0,0,138,13262,6710,6552,970,1059,1071,934,877,1571,1448,1536,918,734,1050,777,317,36.0,1016.181,13062,10062,6496,4833,3000,4754,334,485,542,616,713,948,436,478,72,130,43396,57348,21506,27217,40910,31167,13.050824607033588
La Salle,369.0,9,0.024390243902439025,20640,4025,14980,903,25,208,63,78,358,20640,10187,10453,1136,1114,1510,1497,967,2185,2601,2851,1434,1582,2294,1070,399,42.2,712.841,20242,17253,13784,7502,2989,7738,631,229,605,610,1328,1449,974,1088,516,308,58194,73074,28158,30331,52763,35051,28.954563500135368
Lavaca,1110.0,39,0.03513513513513514,19941,3694,14734,1255,9,71,0,2,176,19941,9684,10257,1189,1405,1388,1193,1034,2062,1939,2394,1318,1470,2356,1483,710,43.5,969.709,19506,17325,13831,6348,2181,7756,345,627,775,714,1169,1386,814,1133,377,416,53021,77669,31670,32738,47562,34030,20.563901129101623
Lee,235.0,14,0.059574468085106386,16952,3970,10773,1889,0,165,0,26,129,16952,8558,8394,913,1169,938,1406,954,1669,2124,2162,1207,1304,1724,1017,365,41.5,629.04,16491,14397,11420,5353,2094,6104,376,445,598,491,866,1354,803,686,296,189,55000,67793,25876,31188,47531,33876,26.949001653312987
Leon,319.0,11,0.034482758620689655,17098,2457,13048,1174,85,136,52,0,146,17098,8602,8496,1075,1143,1039,1039,777,1680,1789,1938,1255,1276,2351,1208,528,45.0,1073.156,17003,13948,9834,7052,3055,6249,349,367,789,908,828,892,699,743,293,381,44818,80589,32130,30530,53154,30528,15.932445981758478
Liberty,2266.0,57,0.025154457193292144,81862,19098,52825,8062,311,500,8,37,1021,81862,40439,41423,5715,5789,5927,5526,5518,11704,10271,10863,5591,4421,6603,3154,780,35.7,1158.385,74715,60494,40606,26179,14221,26203,1660,1546,3015,3099,3818,5087,3194,2970,934,880,49850,66052,22757,33609,50966,35476,70.66907806989904
Limestone,659.0,16,0.024279210925644917,23515,5101,13816,4058,90,177,63,60,150,23515,12056,11459,1508,1359,1544,1614,1391,2907,2780,2869,1560,1700,2541,1307,435,40.0,905.43,22659,17953,11644,9453,4706,8169,664,530,1097,1152,1263,1608,669,777,281,128,42680,57409,21822,25553,36608,31293,25.971085561556393
Lipscomb,66.0,1,0.015151515151515152,3469,1051,2252,18,69,9,0,0,70,3469,1840,1629,268,305,203,248,170,553,316,399,248,229,262,181,87,34.9,932.186,3424,2773,2284,903,651,1256,57,101,80,159,127,236,206,181,68,41,57372,73911,28491,31290,54271,28693,3.721360329376326
Live Oak,381.0,10,0.026246719160104987,12123,4782,6847,336,0,117,0,0,41,12123,6634,5489,655,539,807,767,568,1783,1531,1396,814,840,1372,757,294,42.2,1039.695,10652,8609,6273,3721,2043,3675,151,305,381,424,383,885,316,548,155,127,55766,67552,24244,29286,49242,39518,11.66015033254945
Llano,165.0,2,0.012121212121212121,20640,2113,17880,26,28,82,0,0,511,20640,10138,10502,796,886,811,715,870,1804,1431,2432,1363,2114,3982,2674,762,57.6,934.052,20429,17006,12501,9925,3423,8491,483,461,844,1059,1192,1478,995,1056,427,496,52178,82567,35822,23514,42361,36338,22.09727081575758
Loving,0.0,0,0.0,102,16,83,0,3,0,0,0,0,102,58,44,19,5,0,0,3,11,11,0,14,14,22,3,0,55.4,668.818,102,91,88,25,11,33,0,3,0,3,3,6,2,16,0,0,81875,75148,23546,-666666666,101667,61250,0.1525078571449931
Lubbock,16130.0,158,0.009795412275263484,301454,105514,162667,20528,1067,6328,182,223,4945,301454,148631,152823,20437,19739,20780,25447,37594,44283,34465,31396,16549,14674,20375,11331,4384,30.7,895.6039999999997,297274,257051,201564,85161,40223,112185,10219,5492,12064,12034,15870,19608,13614,13681,4690,4913,50473,71043,27089,26321,45699,35418,336.59295849504923
Lynn,160.0,5,0.03125,5808,2751,2852,61,21,43,4,0,76,5808,2977,2831,393,480,434,406,290,692,690,716,361,368,519,364,95,38.2,891.867,5766,4755,3221,2261,1011,2133,184,184,283,202,339,290,171,300,66,114,43524,66719,25279,28134,40344,31563,6.512181749072451
McCulloch,194.0,6,0.030927835051546393,14128,3230,7815,2111,27,441,26,14,464,14128,8127,6001,648,978,948,565,1300,2721,1889,1597,608,812,1102,742,218,34.7,466.065,10531,9029,6486,3820,1502,4201,276,265,530,579,472,808,315,676,170,110,49428,65516,17856,26016,46455,26530,30.313368306995805
McLennan,9573.0,14,0.001462446464013371,10083,406,7142,2361,43,0,38,0,93,10083,4915,5168,435,536,554,606,379,911,1016,1367,851,884,1500,896,148,50.1,380.884,9954,8722,5681,4726,1232,4459,468,398,689,543,781,552,398,279,128,223,37283,60527,27052,28721,43750,30370,26.472626836517158
McMullen,24.0,7,0.2916666666666667,5614,2574,2978,48,8,4,2,0,0,5614,2934,2680,468,467,545,443,401,641,606,854,311,223,378,235,42,32.2,914.956,5543,4845,4001,1230,698,1626,72,50,142,141,229,233,214,217,146,182,69722,94582,29225,32131,53162,36635,6.135814181228388
Madison,739.0,2,0.0027063599458728013,4161,978,3029,1,12,92,0,0,49,4161,2146,2015,213,124,297,351,200,316,445,533,318,320,643,331,70,46.9,928.836,4150,3306,2579,1584,844,1667,166,133,158,232,310,218,201,120,80,49,40708,60697,25602,22571,38106,28289,4.479800524527473
Marion,168.0,53,0.31547619047619047,36743,15441,16330,3587,98,710,53,0,524,36743,18319,18424,2579,2556,2764,2339,2361,4636,4015,4498,2328,2767,3214,1752,934,37.8,1092.896,36342,29201,19869,13234,7141,13636,1610,906,1448,1484,1919,2351,1588,1410,427,493,45500,62232,24376,27739,50541,31655,33.61985037917607
Martin,86.0,144,1.6744186046511629,57970,55206,1439,236,652,269,32,136,0,57970,28736,29234,5540,4796,4904,5194,4930,7450,6951,6309,2718,2582,3772,2245,579,29.6,1279.472,57698,40321,22777,19871,17377,16307,1715,1607,2630,1748,2015,2589,1955,1250,551,247,38035,54137,16891,21905,42442,23796,45.307751947678426
Mason,80.0,4,0.05,8098,2587,4945,148,2,16,0,251,149,8098,4260,3838,536,457,532,436,422,825,898,1080,539,584,1059,491,239,44.6,1065.601,7960,6496,4869,2929,1464,3255,275,203,386,347,534,732,362,286,35,95,45329,58607,24409,26869,45357,26534,7.599467342842207
Matagorda,1089.0,130,0.11937557392102846,248429,64733,139766,35575,418,3957,30,304,3646,248429,121359,127070,17541,16956,16751,20889,26258,31956,28004,27705,14318,13611,19183,10742,4515,33.2,1037.122,244239,207404,158338,77096,36835,89034,8072,4770,10774,10095,12112,15229,9979,11162,3631,3210,48199,66650,24826,26472,42600,33357,239.53691079737962
Maverick,4084.0,1,0.0002448579823702253,662,332,326,0,4,0,0,0,0,662,387,275,45,54,56,19,24,82,125,35,58,27,75,42,20,40.2,1139.799,662,581,502,210,81,223,16,14,6,10,42,45,26,23,16,25,68750,91265,32556,35500,58750,31875,0.5808041593298467
Medina,1257.0,48,0.03818615751789976,49334,25470,21679,1157,99,356,11,0,562,49334,25551,23783,2891,3061,3442,3492,3486,6103,5643,6687,3387,3198,4795,2163,986,39.3,1325.359,46905,40650,32565,14981,6255,15470,1104,827,1194,1511,1600,3101,1769,2669,981,714,61059,78044,26274,30122,46881,36149,37.22312218802604
Menard,49.0,0,0.0,2123,728,1319,14,12,0,0,0,50,2123,1117,1006,26,140,117,69,55,298,177,352,161,164,327,174,63,49.1,902.0269999999999,2074,1422,1095,775,652,992,81,86,216,72,156,127,147,63,38,6,40606,51494,25067,24932,34269,25909,2.3535880855007667
Midland,4666.0,75,0.01607372481783112,164194,72325,75960,9934,677,3316,72,100,1810,164194,82543,81651,14261,13180,12007,10706,11559,28956,20904,17789,9523,8516,9254,5172,2367,31.7,900.2539999999997,162946,134490,114797,31960,28456,55980,1822,1713,3641,4305,5805,9363,7701,10428,4836,6366,78888,109874,39179,42172,64365,42259,182.38630430967262
Milam,539.0,7,0.012987012987012988,24664,6459,15426,2093,28,121,0,12,525,24664,12343,12321,1548,1579,1706,1897,1388,2762,2322,3165,1590,1845,2839,1402,621,41.3,1016.915,24164,20935,15076,9389,3229,9381,476,791,1228,1133,1290,1828,1101,1015,324,195,47081,61094,24015,28440,47693,32055,24.25374785503213
Mills,71.0,1,0.014084507042253521,4902,968,3901,10,10,5,0,0,8,4902,2329,2573,177,314,451,382,167,319,366,592,393,328,711,476,226,50.6,748.215,4735,3755,2953,1818,980,1750,178,95,280,183,240,359,177,106,61,71,41827,60535,24274,23375,36765,36603,6.5515927908422045
Mitchell,154.0,2,0.012987012987012988,8558,3381,4159,847,53,30,0,0,88,8558,5383,3175,446,474,401,486,982,1619,1153,927,434,338,639,443,216,34.1,911.09,6308,5421,4090,2177,887,2441,48,87,441,175,479,337,343,394,22,115,49670,71553,20896,36892,42345,34250,9.393144475298817
Montague,245.0,5,0.02040816326530612,19409,2111,16694,120,32,0,0,0,452,19409,9403,10006,1108,1305,1328,1083,1039,2096,2019,2529,1295,1378,2426,1360,443,43.4,930.9060000000001,19113,15386,11910,6469,3727,7995,577,388,868,830,1040,1642,991,1004,381,274,51774,68340,28457,31811,54199,30751,20.849580945874237
Montgomery,12410.0,172,0.01385979049153908,554445,131147,370662,25296,805,15610,299,684,9942,554445,274604,279841,37835,41459,42853,38640,32889,70249,76216,76447,37260,31124,43917,18995,6561,36.9,1042.623,551489,472786,385596,133016,78703,192823,7698,5203,13614,14507,20528,31726,25034,32753,16584,25176,77416,110807,39618,40848,64402,46428,531.7789843500478
Moore,1289.0,22,0.017067494181536073,21801,11973,7174,627,97,1713,0,0,217,21801,11438,10363,1950,1974,1980,1699,1682,2953,2666,2415,1179,1039,1394,568,302,30.2,899.698,21627,18038,14667,5471,3589,6626,291,285,565,823,1167,1472,878,782,202,161,51527,63840,21650,30785,39335,31136,24.23146433581046
Morris,209.0,5,0.023923444976076555,12424,1176,8046,2927,75,17,6,0,177,12424,5981,6443,708,814,852,745,632,1382,1491,1372,868,921,1397,891,351,43.0,251.989,12272,10490,7701,4617,1782,5048,384,340,627,654,960,854,537,493,133,66,42961,56797,23438,27764,40670,30141,49.30373944894421
Motley,14.0,0,0.0,1156,224,861,19,0,0,0,11,41,1156,580,576,58,132,71,75,29,195,55,99,61,43,221,90,27,38.3,989.566,1156,920,610,609,236,465,40,16,66,75,60,90,53,39,6,20,43750,62145,26103,24483,33750,40139,1.168188882803168
Nacogdoches,1768.0,68,0.038461538461538464,65558,12565,39079,11311,182,1082,7,76,1256,65558,31365,34193,4385,4600,3913,6473,8712,7719,6618,6766,4056,3324,5203,2769,1020,30.6,946.557,64791,52520,38257,20424,12271,23904,2409,1567,3625,2373,3382,4250,2459,2481,485,873,43598,60789,22580,22169,43277,31661,69.2594318144602
Navarro,1393.0,32,0.02297200287150036,48583,13013,27526,6124,169,309,539,88,815,48583,23845,24738,3492,3280,3829,3489,2814,5587,5639,6170,3384,2815,4566,2518,1000,38.6,1009.632,47811,39507,26816,17529,8304,17397,1541,810,2058,1960,2654,3276,1943,1943,652,560,47920,64220,23422,27381,40466,33223,48.119512852207535
Newton,188.0,13,0.06914893617021277,14057,497,10335,2771,21,166,0,0,267,14057,7233,6824,679,640,898,1416,716,1191,1752,2005,845,1157,1613,872,273,44.3,933.677,13870,11580,8291,5473,2290,4978,467,315,888,535,707,800,485,569,151,61,40950,54380,21144,30362,51548,31327,15.05552776816822
Nolan,378.0,5,0.013227513227513227,14966,5527,8432,743,70,66,0,0,128,14966,7669,7297,1094,1183,1002,1164,910,1591,1650,1682,1111,926,1491,837,325,38.5,911.997,14785,12234,8963,5179,2551,5469,401,302,845,648,772,894,699,589,161,158,44346,66804,25820,26882,46875,30213,16.410141700027527
Nueces,16136.0,405,0.025099157164105105,360486,228462,107652,13071,919,7134,242,226,2780,360486,178020,182466,24665,25055,24806,25524,26397,52547,45030,43503,22563,21051,28881,15165,5299,35.3,838.316,355767,295165,208747,119691,60602,128926,8919,6943,13180,12922,16876,23391,16265,18198,6452,5780,55048,74820,27649,30869,48043,34488,430.0120718201728
Ochiltree,279.0,5,0.017921146953405017,10348,5564,4512,18,47,16,0,0,191,10348,5230,5118,904,834,999,906,531,1465,1467,1017,632,555,618,293,127,31.6,917.685,10285,8140,6621,2288,2145,3443,144,146,426,471,538,629,409,428,111,141,49928,70352,24260,27691,51412,24735,11.276200439148509
Oldham,27.0,2,0.07407407407407407,2090,353,1559,100,1,10,0,0,67,2090,1145,945,117,137,310,258,118,175,220,188,145,128,195,74,25,29.8,1500.523,1520,1356,1151,434,164,527,33,10,62,33,57,128,75,43,45,41,63315,87324,24151,30709,45972,31750,1.3928476937707719
Orange,2116.0,46,0.021739130434782608,84047,6165,68118,7090,277,1007,0,37,1353,84047,41630,42417,5725,5807,5808,5345,5299,10653,10243,11068,5970,5223,7443,4066,1397,37.8,333.781,83301,70470,52513,27767,12831,31989,1946,1743,2799,3487,4612,5485,3820,4871,2053,1173,55700,74104,28826,35328,59191,37068,251.80282880092042
Palo Pinto,677.0,17,0.025110782865583457,28317,5625,21299,628,161,217,37,19,331,28317,13987,14330,1726,2011,1744,1969,1562,3300,2985,3629,1813,2159,3122,1735,562,40.5,952.549,28074,22853,15680,10934,5221,10312,724,643,1471,1027,1614,1834,1092,1168,346,393,45979,64671,24983,27099,43976,29479,29.727604564174648
Panola,455.0,28,0.06153846153846154,23440,2013,17184,4023,29,21,0,0,170,23440,11498,11942,1430,1282,1903,1628,1412,2675,2890,2688,1596,1710,2393,1361,472,39.3,811.355,23205,19160,13936,8458,4045,8827,732,452,1045,894,1042,1858,1071,1050,352,331,51569,67548,26403,30198,51276,30203,28.88994336634395
Parker,2299.0,45,0.019573727707699,129802,15562,108865,1762,523,644,61,147,2238,129802,64448,65354,7993,9003,9467,8811,7444,14842,16093,18625,9861,8124,12182,5508,1849,39.7,903.482,128417,110622,90697,34717,17795,44255,1976,1051,2584,3378,5532,7717,5585,8725,3764,3943,74625,97384,34705,37951,62700,39530,143.66860656880826
Parmer,547.0,18,0.03290676416819013,9852,6201,3401,107,29,25,0,0,89,9852,5059,4793,760,758,900,737,649,1320,1130,1201,524,597,730,412,134,33.9,880.82,9772,7773,5620,3015,1999,3318,169,122,308,449,419,783,373,502,132,61,54184,67600,23686,30163,38567,28653,11.18503212915238
Pecos,423.0,6,0.014184397163120567,15797,10837,4040,567,164,74,17,17,81,15797,9010,6787,1102,1289,902,918,1006,2485,2267,2056,1031,743,1100,636,262,35.9,4763.835,13694,10913,8454,3966,2781,4557,348,235,319,601,718,740,746,639,118,93,52282,66605,20688,31217,41998,29243,3.3160258489221395
Polk,912.0,32,0.03508771929824561,47837,7193,33877,4850,693,313,62,31,818,47837,25878,21959,2588,2638,2878,2707,2692,5478,5747,6363,3823,4015,5968,2196,744,43.6,1057.045,44229,36096,23622,17889,8133,17803,1422,1193,2036,2218,2556,3304,1808,1875,691,700,46182,63446,24686,27868,45098,31397,45.255405399013284
Potter,7342.0,85,0.011577226913647508,120899,45905,53755,11591,392,6494,96,88,2578,120899,62295,58604,9808,10053,8534,7885,8309,18388,15720,14471,7563,5757,8259,4214,1938,33.8,908.39,114083,89365,61482,37609,24718,43944,3639,2891,5784,5955,6441,8617,4180,3986,1087,1364,43157,60730,22267,27606,39537,30930,133.0915135569524
Presidio,124.0,7,0.056451612903225805,7123,5956,987,0,0,180,0,0,0,7123,3497,3626,506,533,575,650,257,545,891,846,346,378,864,617,115,41.8,3855.252,7123,4988,2491,2903,2135,2627,389,364,408,390,390,269,87,330,0,0,27061,39099,16066,20353,32396,39318,1.847609442910606
Rains,85.0,5,0.058823529411764705,11473,1019,9814,322,69,8,0,0,241,11473,5868,5605,566,652,697,578,507,1126,1243,1429,1088,766,1764,917,140,48.3,229.453,11410,9116,6240,4688,2294,4331,342,138,533,500,660,686,795,343,181,153,49872,65103,26165,33163,46382,40277,50.00152536685073
Randall,4532.0,50,0.011032656663724626,132475,27678,96014,3726,410,2162,64,72,2349,132475,65083,67392,8654,9438,8475,9750,9207,19349,16814,15641,8242,7991,11020,5821,2073,35.6,911.926,131586,117531,100621,33372,14055,49187,1954,1325,3516,4822,6151,9488,7413,8695,3345,2478,67397,86352,33814,36230,54305,40771,145.26946265376796
Reagan,90.0,6,0.06666666666666667,3752,2652,1064,27,0,0,0,0,9,3752,1951,1801,264,397,314,272,222,559,552,375,240,207,169,99,82,31.4,1175.3139999999999,3716,2800,2408,634,916,1147,72,21,98,88,126,215,179,281,33,34,70478,75412,25397,40210,55625,36204,3.1923383878691136
Real,122.0,8,0.06557377049180328,3389,672,2709,5,0,2,0,0,1,3389,1426,1963,228,193,121,217,190,252,260,234,301,276,529,476,112,55.0,699.159,3295,2386,1610,1560,909,1227,169,83,216,147,216,174,108,64,33,17,34813,48791,21109,20392,27143,27813,4.847252198713027
Red River,190.0,17,0.08947368421052632,12275,902,8982,2080,28,6,0,0,277,12275,5986,6289,518,547,911,818,677,1173,1424,1473,1032,799,1667,917,319,45.6,1043.876,12077,10323,7083,5109,1754,5048,522,424,660,725,692,944,525,444,65,47,37955,50123,21666,26969,40186,29032,11.759059505151953
Reeves,249.0,6,0.024096385542168676,15125,11352,3117,312,0,228,13,38,65,15125,8689,6436,958,866,1005,1086,1137,2271,2455,1939,866,718,993,566,265,35.6,2635.3540000000007,12925,10281,7621,3585,2644,3713,368,166,329,343,450,773,615,436,146,87,58384,67979,20876,29278,49160,35789,5.739266906836803
Refugio,305.0,16,0.05245901639344262,7236,3631,3028,400,5,14,0,0,158,7236,3586,3650,470,438,501,569,358,753,751,889,524,433,874,463,213,41.9,770.4839999999997,7070,5948,4239,2855,1122,2577,189,245,254,299,337,596,250,291,72,44,48112,59434,23810,26053,41603,33363,9.391499369227656
Roberts,14.0,0,0.0,885,123,726,0,0,8,0,0,28,885,401,484,32,50,109,99,28,83,89,95,55,45,99,83,18,38.0,924.058,885,812,691,278,73,311,9,3,26,25,38,60,40,54,44,12,73854,88939,31632,31406,73750,31250,0.9577320904099094
Robertson,402.0,4,0.009950248756218905,16890,3481,9728,3276,35,49,22,11,288,16890,8296,8594,979,1165,1236,1032,1077,1752,1856,2299,1117,1177,1911,864,425,40.9,855.1080000000003,16698,14199,10378,5937,2499,6358,487,357,647,694,865,1164,872,935,163,174,54201,67074,25465,27321,50608,28707,19.751890989208373
Rockwall,1838.0,32,0.017410228509249184,93642,16206,67046,5670,224,2300,0,57,2139,93642,46167,47475,5826,6996,8035,7237,4966,10679,14190,13418,6475,4729,6828,3092,1171,37.6,127.11,92892,82446,73615,17178,10446,31649,759,691,1404,1716,3062,4701,4266,7317,3824,3909,94767,114436,39295,48192,70422,50851,736.7004956337031
Runnels,287.0,9,0.0313588850174216,10310,3495,6368,317,16,25,0,6,83,10310,5233,5077,573,631,786,672,680,1047,1159,1234,661,740,1132,700,295,40.8,1051.07,10093,8515,6330,3766,1578,3749,303,173,550,523,636,602,320,422,143,77,41732,58250,23042,30129,40562,30662,9.809051728238844
Rusk,990.0,21,0.021212121212121213,53595,8855,34324,9131,78,301,22,31,853,53595,28379,25216,3167,3705,3292,3594,3263,7115,6993,6959,3744,3153,4874,2787,949,38.5,924.0369999999999,48744,39359,28715,16142,9385,17960,1194,916,1973,1807,2749,3298,2270,2262,869,622,52329,68838,24842,28644,52884,34028,58.00092420541601
Sabine,89.0,9,0.10112359550561797,10458,455,8966,650,1,0,20,53,313,10458,5072,5386,450,556,559,569,330,978,862,1189,1051,752,1827,975,360,52.7,491.70300000000003,10370,8855,5914,5390,1515,4099,421,284,811,652,416,627,366,271,140,111,33257,54131,23450,21209,54908,28319,21.268936736200512
San Augustine,214.0,15,0.07009345794392523,8327,583,5741,1760,111,0,0,0,132,8327,4085,4242,394,364,585,602,258,815,714,1154,714,593,1230,677,227,49.4,530.6569999999998,8094,6848,4467,3804,1246,3356,500,190,589,377,446,523,372,218,89,52,35509,55145,23261,27917,44167,35992,15.69186875891584
San Jacinto,236.0,11,0.046610169491525424,27819,3563,20779,2846,134,0,13,0,484,27819,13718,14101,1542,1535,2038,1527,1398,2830,3153,3433,2133,2116,3873,1835,406,44.7,569.243,27678,22254,13432,12743,5424,9487,539,632,1316,1315,1421,1758,1074,937,301,194,44658,59016,21808,26261,42038,31342,48.870166168051256
San Patricio,1549.0,80,0.051646223369916075,67046,38483,26032,1003,101,671,30,7,719,67046,33721,33325,4947,4887,5259,4824,4393,8923,8328,8078,4417,3367,5759,2935,929,35.3,693.436,66274,54752,39263,21923,11522,23121,1699,1068,2395,2145,3055,4469,2928,3112,1483,767,55229,71588,25281,31318,50594,31847,96.68664447764463
San Saba,112.0,1,0.008928571428571428,5962,1790,3846,134,0,3,0,0,189,5962,3073,2889,315,239,455,273,441,760,769,594,376,398,746,475,121,40.7,1135.313,5290,4286,3109,2203,1004,2104,152,151,307,237,301,425,211,164,121,35,44698,63072,24307,25782,41027,29239,5.251415248482137
Schleicher,55.0,2,0.03636363636363636,3061,1603,1444,13,0,0,0,0,1,3061,1542,1519,187,252,273,174,174,471,290,344,187,224,281,147,57,35.0,1310.642,3061,2414,2066,689,647,1105,115,40,97,142,132,229,162,123,53,12,55677,61014,25128,30734,53676,25379,2.335496649733489
Scurry,995.0,12,0.012060301507537688,17239,6917,9158,837,13,49,0,35,230,17239,9425,7814,1181,1033,1439,1285,1063,2295,2398,1941,1091,921,1370,863,359,36.1,905.445,15723,13314,10268,4647,2409,5884,185,433,551,786,701,1072,809,903,310,134,55889,69935,24508,35319,54349,32472,19.0392569399577
Shackelford,35.0,0,0.0,3311,385,2830,6,10,7,0,0,73,3311,1770,1541,207,248,167,336,108,380,297,453,354,152,330,211,68,43.0,914.2860000000001,3285,2862,2238,1135,423,1234,119,71,156,133,210,210,147,108,52,28,45187,59257,23855,22409,39286,31364,3.6214051183109017
Shelby,542.0,30,0.055350553505535055,25478,4605,15729,4576,39,415,0,35,79,25478,12572,12906,1781,1962,1917,1893,1605,2874,2922,3023,1669,1541,2393,1466,432,37.2,795.5889999999997,25304,19118,12621,9356,6186,9292,1056,577,1305,1133,1455,1791,628,957,147,243,40764,54312,20969,27438,40960,31363,32.024072731020674
Sherman,72.0,1,0.013888888888888888,3058,1302,1721,9,6,0,0,0,20,3058,1574,1484,190,176,208,224,168,347,443,493,158,216,231,170,34,40.4,923.0360000000001,3026,2430,2006,738,596,1055,42,43,102,130,144,218,146,148,46,36,56576,71238,26335,30670,44653,32679,3.3129802087892566
Smith,4269.0,127,0.02974935582103537,225015,43377,134889,38735,725,3865,299,315,2810,225015,108730,116285,15496,15209,15695,15854,16210,30117,26582,26915,13952,13314,20158,11658,3855,36.6,921.4730000000001,222704,184420,139290,73592,38284,77195,5369,3712,8292,7560,11243,14111,9405,10296,3522,3685,53511,73922,27141,30147,46121,35502,244.19055143232632
Somervell,156.0,5,0.03205128205128205,8743,1648,6911,54,27,35,60,6,2,8743,4192,4551,504,380,771,415,701,1020,956,1163,624,634,950,403,222,40.9,186.46400000000003,8557,7098,5411,2679,1459,3239,169,201,473,224,492,491,384,509,188,108,53162,68502,26523,30574,63241,30517,46.8884074137635
Starr,3492.0,182,0.05211912943871707,63894,63299,465,21,7,69,0,12,21,63894,31073,32821,6460,5426,5856,5551,5256,8313,7619,6989,2756,2535,4001,2305,827,28.7,1223.1789999999999,63359,42224,16790,27426,21135,16238,2338,1760,3113,2013,2219,2067,1079,959,447,243,29294,47374,14122,17915,31870,26634,52.236017786440094
Stephens,154.0,4,0.025974025974025976,9372,2199,6709,222,66,38,0,26,112,9372,4808,4564,479,700,552,730,489,1354,963,1049,603,660,975,498,320,38.6,896.721,8895,7038,4691,3359,1857,3268,295,258,282,400,669,509,297,331,107,120,45336,62311,24405,28803,49848,32279,10.451411308534091
Sterling,12.0,0,0.0,1141,516,606,3,0,0,0,0,16,1141,622,519,69,109,63,94,24,106,109,205,157,46,100,41,18,44.9,923.449,1103,880,672,316,223,462,8,15,30,49,97,144,32,59,20,8,59286,66108,28997,41786,67711,33462,1.2355852894962256
Stonewall,18.0,1,0.05555555555555555,1385,256,1075,48,0,0,0,0,6,1385,730,655,63,73,137,108,15,106,79,179,131,121,223,119,31,52.0,916.313,1331,1134,826,558,197,582,36,50,89,63,61,79,84,47,50,23,48000,66282,28746,26401,64213,29432,1.5114922521016292
Sutton,97.0,3,0.030927835051546393,3865,2385,1470,3,0,0,0,0,7,3865,2116,1749,253,299,255,167,232,575,486,373,334,238,405,141,107,38.4,1453.935,3844,3169,2580,1026,675,1484,109,28,147,130,244,286,156,252,113,19,60543,71175,29360,33276,54185,33618,2.658303156606038
Swisher,137.0,3,0.021897810218978103,7484,3254,3514,393,50,17,8,15,233,7484,4036,3448,477,508,542,530,368,1198,911,777,416,417,719,407,214,35.7,890.16,6830,5540,3522,2847,1290,2514,295,112,401,353,400,406,270,180,47,50,38418,53684,19258,29923,41679,31250,8.407477307450346
Tarrant,54727.0,801,0.014636285562884864,2019977,576242,958302,319829,5797,106427,3474,3976,45930,2019977,988765,1031212,144494,151834,154147,143146,135990,300991,277505,269412,121880,103987,132708,60433,23450,34.3,863.6460000000003,2004359,1677121,1306518,521057,327238,698995,34453,25193,54383,63335,86518,131906,93354,110961,47914,50978,64874,89207,32092,35417,51827,42119,2338.8946397019145
Taylor,1785.0,63,0.03529411764705882,136348,32869,87125,10287,722,2909,75,289,2072,136348,66718,69630,10062,9235,9205,10384,14403,19990,14949,14123,7568,7274,10310,6185,2660,32.3,915.5360000000001,130933,113303,87374,41115,17630,49482,3105,2676,5010,5820,7781,9267,5453,6593,1934,1843,50818,69401,26469,26918,41458,31559,148.92696737211864
Terrell,4.0,0,0.0,862,548,265,23,2,0,0,0,24,862,429,433,8,57,32,16,32,73,128,118,48,77,151,79,43,51.9,2358.0170000000007,862,729,579,357,133,396,83,2,79,34,69,29,39,53,5,3,33750,48627,23852,35329,73304,30262,0.3655614018049912
Terry,487.0,7,0.014373716632443531,12615,6859,5071,584,28,0,0,0,73,12615,6515,6100,1008,1006,928,913,731,1824,1406,1500,724,654,1063,642,216,34.7,888.8389999999997,11528,8940,5643,4396,2588,4041,287,149,510,521,713,703,480,388,206,84,44975,62229,20127,25380,42368,31171,14.192671563691516
Throckmorton,17.0,2,0.11764705882352941,1567,235,1292,16,0,0,0,0,24,1567,694,873,84,49,82,128,98,175,117,213,101,130,207,142,41,46.6,912.552,1556,1285,942,586,271,703,90,52,73,75,76,139,54,109,21,14,44196,62624,28895,30755,53000,29808,1.717162419237479
Titus,1562.0,35,0.02240717029449424,32730,14015,14871,2953,84,333,0,40,434,32730,16046,16684,2534,2832,2593,2528,2359,4047,3877,3994,1750,1738,2598,1382,498,33.8,406.05699999999996,32479,26555,18506,11305,5924,10694,514,704,1600,1154,1724,2163,1138,1142,300,255,46698,59775,20633,26798,38409,29067,80.6044471588964
Tom Green,2526.0,77,0.030482977038796516,117466,46319,63195,4702,248,1349,50,114,1489,117466,58343,59123,8045,7575,8016,8791,9913,18429,12895,12734,7307,6300,9808,5225,2428,33.9,1522.001,112652,95645,75721,34164,17007,43131,2546,1861,4934,5212,6510,7870,5313,5195,1869,1821,51675,72478,28444,29332,42988,31676,77.17866151204895
Travis,31159.0,439,0.014089027247344267,1203166,407676,590373,94922,1963,78250,368,2122,27492,1203166,607356,595810,78751,75966,73312,72912,82452,241541,190102,152905,67198,57677,70442,27992,11916,33.9,991.8489999999999,1195755,1033927,869388,254152,161828,458484,25185,13833,30702,35855,52824,80575,56305,76961,35361,50883,71767,103148,41049,39153,54718,47395,1213.0535998927255
Trinity,205.0,7,0.03414634146341464,14569,1420,11451,1318,48,147,0,0,185,14569,7011,7558,672,953,858,818,588,1344,1426,1816,934,1282,2172,1347,359,48.7,693.797,14434,11503,6851,6900,2931,5918,467,441,916,818,941,1123,489,426,261,36,40407,51359,22265,27352,45856,31094,20.99893772962408
Tyler,259.0,4,0.015444015444015444,21496,1621,17043,2411,12,60,0,9,340,21496,11738,9758,1069,1131,1143,1408,1624,2681,2330,2446,1581,1473,2636,1468,506,42.7,924.39,18777,15959,10689,8536,2818,7020,510,553,889,853,975,1267,880,806,204,83,43936,57233,20439,31179,52351,32454,23.254254156795287
Upshur,467.0,12,0.02569593147751606,40769,3423,32817,3368,294,239,0,199,429,40769,20224,20545,2548,2901,2728,2726,2278,4367,4722,5383,3256,2762,4092,2359,647,40.9,582.98,40221,33423,24738,13276,6798,14036,943,773,1437,1477,2309,2505,1891,1826,415,460,50906,66328,24458,29996,46059,30788,69.93207314144567
Upton,27.0,3,0.1111111111111111,3634,1837,1525,237,5,25,0,5,0,3634,1843,1791,341,239,317,264,162,418,456,447,248,196,307,179,60,37.2,1241.323,3577,3115,2467,933,462,1305,124,47,149,140,160,248,144,171,65,57,52257,66849,26183,33393,51375,33611,2.9275216845253005
Uvalde,824.0,36,0.043689320388349516,27009,19247,7223,86,107,271,0,5,70,27009,13083,13926,2006,2037,2012,2176,1954,3511,3090,2859,1267,1562,2560,1630,345,33.9,1551.921,26582,20914,13464,10120,5668,8683,621,852,1268,1033,1349,1452,1004,741,242,121,41752,53379,19092,22076,37407,25009,17.403592064286777
Val Verde,2431.0,124,0.051007815713698064,49027,40086,7612,611,64,285,31,0,338,49027,24925,24102,4192,3547,4027,3771,4126,7022,5701,5386,1863,2498,3825,2019,1050,31.7,3144.75,46335,37714,25159,16463,8621,15429,1640,843,1583,1968,2256,2531,1684,2136,397,391,45521,62212,20881,25695,42405,29106,15.590110501629699
Van Zandt,662.0,26,0.03927492447129909,54368,5741,45714,1423,298,268,39,0,885,54368,26619,27749,3030,3341,3852,3741,2836,5606,6153,7182,3684,4005,6347,3620,971,42.9,842.566,53721,44481,31896,20363,9240,19615,1113,990,2441,2043,2798,3966,2371,2470,778,645,51935,69340,26151,30777,45337,35293,64.52669583154317
Victoria,4224.0,97,0.022964015151515152,91970,42733,41428,5205,155,1001,0,165,1283,91970,44999,46971,6568,6371,6729,6326,6150,12754,10914,10734,5638,5615,8163,3963,2045,35.7,882.1060000000001,90951,76546,57304,28877,14405,32544,2136,1419,3373,3186,4571,5468,4116,5058,1720,1497,55631,76886,28576,30793,51404,32818,104.26184608199013
Walker,3854.0,62,0.01608718214841723,71539,12787,40510,16393,256,911,10,16,656,71539,41642,29897,3120,3108,2959,5491,10647,10015,9805,9702,4367,3608,5197,2269,1251,35.4,784.222,56813,49198,42049,14108,7615,21636,3264,1356,2303,2237,3259,3233,2562,2257,763,402,41855,56197,17789,26533,40050,36918,91.22289351739686
Waller,951.0,17,0.017875920084121977,49987,14903,21571,12222,31,428,24,48,760,49987,24869,25118,3371,3804,3205,5399,6604,5834,5034,5509,2916,2554,3697,1531,529,29.0,513.337,49757,39814,30369,13242,9943,14807,802,647,1616,1514,2026,2438,1767,2287,818,892,57654,78075,24495,27024,44726,32173,97.37657718029287
Ward,157.0,1,0.006369426751592357,11586,6131,4724,533,55,67,0,0,76,11586,5864,5722,848,908,902,822,872,1618,1410,1315,650,645,894,523,179,33.2,835.6030000000003,11477,9448,7216,3169,2029,3956,314,207,378,268,407,715,722,563,199,183,64630,75278,26570,39173,60592,36077,13.865436098242824
Washington,692.0,48,0.06936416184971098,34796,5483,22364,5771,79,591,36,0,472,34796,17259,17537,2133,1924,2344,3063,2145,3348,3752,4018,2282,2548,3892,2112,1235,41.6,604.184,34144,30186,23670,11810,3958,12381,789,647,1343,1323,1479,2512,1612,1474,494,708,56237,76880,29604,30473,45341,32154,57.59172702355575
Webb,14909.0,325,0.021798913408008585,272053,259797,9513,780,118,1295,33,132,385,272053,132906,139147,26546,23862,25976,24233,21883,36453,35572,30398,12160,10584,14333,6922,3131,28.6,3361.478,269779,193922,108913,97148,75857,73659,8833,5334,9056,8416,10141,11754,7378,8056,2498,2193,42293,59917,17326,24028,36910,28115,80.93255407294053
Wharton,1415.0,58,0.04098939929328622,41551,16983,18643,5747,27,64,0,8,79,41551,20395,21156,2827,2904,3245,3010,2643,5060,4611,5087,3087,2310,3729,2131,907,37.2,1086.151,41197,33706,23557,13888,7491,15256,1125,1103,1757,1371,2316,2769,1405,2053,1012,345,49619,70765,26281,29122,43442,31191,38.25527021565141
Wheeler,62.0,0,0.0,5482,1448,3740,142,13,5,17,0,117,5482,2844,2638,382,438,392,305,253,783,602,583,429,300,578,285,152,39.0,914.523,5413,4348,3347,1683,1065,2254,143,168,239,231,360,349,339,256,118,51,49352,65686,26844,30885,47174,32273,5.994381770606098
Wichita,3134.0,31,0.009891512444160817,131818,24818,86518,13116,922,2732,59,450,3203,131818,68325,63493,8617,8564,7984,10463,11987,19733,15035,14923,8612,7224,10103,5966,2607,34.3,627.594,116887,100745,75743,40658,16142,47951,4588,3033,5502,5178,7199,8601,5750,5364,1583,1153,46575,62083,23921,25985,41341,31862,210.03706217714
Wilbarger,308.0,3,0.00974025974025974,12906,3739,7583,1221,78,90,0,27,168,12906,6347,6559,673,742,917,991,661,1865,1498,1486,1039,740,1329,767,198,37.8,970.946,12720,10907,8069,4777,1813,5263,268,444,693,577,702,1057,761,474,184,103,48773,59930,24078,27337,40755,28676,13.292191326809114
Willacy,1202.0,55,0.045757071547420966,21754,19170,2412,129,2,0,0,0,41,21754,11681,10073,1398,1390,1621,1734,2011,3260,3018,2266,1028,1122,1612,981,313,33.6,590.591,20254,14556,6599,9056,5698,5810,972,677,892,608,763,816,510,379,127,66,29944,45647,14207,19472,33306,25991,36.83428971995848
Williamson,9137.0,151,0.01652621210462953,527057,128133,316640,31855,866,33636,366,1198,14363,527057,259443,267614,35305,39362,40653,36058,29157,73635,85938,71680,28654,25929,38120,16238,6328,36.1,1118.338,523527,474565,419178,110149,48962,174754,4443,3458,8449,11907,18565,31234,26315,37620,17413,15350,83679,101648,35825,41219,61035,45919,471.2859618469551
Wilson,982.0,28,0.028513238289205704,48198,18995,27657,642,53,188,44,56,563,48198,24197,24001,2862,3042,3621,3489,2757,5428,5914,7037,3650,3169,4397,1782,1050,40.2,803.735,47533,40715,32961,13554,6818,15820,685,547,1185,1396,1627,2649,2506,3089,1061,1075,72445,89915,30935,36950,57074,43634,59.967526610138904
Winkler,136.0,4,0.029411764705882353,7802,4689,2811,159,78,0,0,0,65,7802,3977,3825,649,714,646,698,548,944,975,942,441,356,472,294,123,32.5,841.2689999999999,7703,6046,4668,1974,1657,2572,212,156,180,286,356,409,398,385,98,92,59167,70223,24217,36946,60245,30938,9.27408474578286
Wise,881.0,15,0.0170261066969353,64639,12300,49868,759,258,281,114,2,1057,64639,32424,32215,4302,4380,4564,4366,3784,8020,7761,9171,4731,4058,5997,2504,1001,38.4,904.3939999999999,63665,52358,41587,18246,11307,22080,1049,790,1893,2073,2959,4418,3037,3801,1012,1048,61709,79497,28781,33139,52564,40089,71.4721681037247
Wood,621.0,36,0.057971014492753624,43815,4313,36273,2335,277,133,37,34,413,43815,21807,22008,2138,2208,2656,2751,2115,4129,4211,5300,3464,3073,6759,3661,1350,48.2,645.245,42880,37006,27043,18512,5874,16531,1255,1085,1724,1980,2422,2893,2058,1996,663,455,48534,68298,27841,28985,49656,34209,67.90443939898798
Yoakum,289.0,5,0.01730103806228374,8571,5643,2763,25,11,5,0,29,95,8571,4438,4133,783,964,668,468,678,1229,1017,863,621,309,589,318,64,31.2,799.715,8571,6649,5154,2076,1922,2676,66,197,162,203,248,650,298,557,153,142,68814,82418,26519,43250,68603,36103,10.717568133647614
Young,497.0,6,0.012072434607645875,18114,3332,14176,354,112,89,0,0,51,18114,8930,9184,1093,1163,1321,1316,780,2072,1989,2265,1226,1304,1917,1096,572,41.4,914.498,17825,14512,10708,6048,3313,7105,414,324,757,876,1325,1272,768,1066,172,131,47194,64653,25855,30734,49142,27542,19.807588425562443
Zapata,342.0,9,0.02631578947368421,14369,13542,615,0,0,179,0,0,33,14369,7177,7192,1396,1837,897,952,1228,1762,1692,1458,594,554,1077,751,171,29.6,998.4119999999999,14334,10128,4596,6540,4206,4405,714,275,700,720,690,504,427,215,78,82,31113,52009,17228,18938,36461,24946,14.39185426457214
Zavala,452.0,18,0.03982300884955752,12131,11372,602,60,0,4,0,0,93,12131,6208,5923,925,1115,977,783,1182,1479,1420,1354,666,565,954,543,168,32.9,1297.407,11935,9741,4443,6018,2194,3509,445,482,599,434,592,500,313,129,9,6,30988,39610,13350,19020,31708,22638,9.350188491352368
